id,gender,age,body,season,formal,score,pos_tags,neg_tags,prompt,img_path,rank,pr
0001,male,adult,athletic,spring/fall,formal,6.42,"(simple:1.1), (tidy:1.0)",,"Full body, Asian man, high quality beige blazer, white t-shirt, slim fit trousers, clean sneakers, minimalist office background.",./static/dataset_images/0001.jpg,69,82.875
0002,female,adult,plus_size,spring/fall,casual,4.37,(simple:1.0),(bloated:1.3),"Full body, Caucasian woman, oversized hoodie, baggy jeans, chunky sneakers, urban graffiti wall background.",./static/dataset_images/0002.jpg,266,33.625
0003,female,middle-aged,average,summer,casual,4.56,(elegant:1.2),(old fashioned:1.3),"Asian woman, vintage floral midi dress, pearl necklace, high heels, sunlit garden.",./static/dataset_images/0003.jpg,247,38.375
0004,male,middle-aged,plus_size,winter,casual,3.56,,(oversatuated:1.6),"Caucasian man, neon green puffer jacket, purple polka dot pants, yellow boots, mismatched style, messy look.",./static/dataset_images/0004.jpg,333,16.875
0005,female,adult,skinny,spring/fall,casual,5.11,(simple:0.9),,"Asian woman, linen shirt, wide leg pants, canvas bag, library background, soft lighting.",./static/dataset_images/0005.jpg,189,52.87500000000001
0006,female,teenager,plus_size,winter,casual,3.91,,(bloated:1.4),"Techwear style, black tactical jacket, multiple pockets, joggers, futuristic street, cool lighting.",./static/dataset_images/0006.jpg,307,23.375
0007,female,adult,average,spring/fall,casual,4.74,,,"Caucasian woman, simple grey sweater, black leggings, white sneakers, plain white background.",./static/dataset_images/0007.jpg,228,43.125
0008,male,teenager,average,spring/fall,casual,4.14,,(oversatuated:0.8),"Asian man, half-suit half-tracksuit, weird proportions, ugly color combination, distorted silhouette.",./static/dataset_images/0008.jpg,287,28.375
0009,female,adult,average,spring/fall,formal,7.69,"(elegant:1.5), (tidy:1.3), (simple:1.3)",,"Asian woman, tweed jacket, denim jeans, designer handbag, Seoul cafe background.",./static/dataset_images/0009.jpg,15,96.375
0010,male,middle-aged,average,spring/fall,casual,5.23,(energetic:1.1),,"Caucasian man, hiking jacket, cargo shorts, mountain background, bright daylight.",./static/dataset_images/0010.jpg,176,56.125
0011,female,adult,plus_size,spring/fall,casual,3,,"(sloppy:1.1), (wrinkled:1.2), (messy:1.4)","Caucasian woman, messy pajamas, mismatched socks, messy hair, convenience store background.",./static/dataset_images/0011.jpg,364,9.125
0012,male,teenager,athletic,spring/fall,formal,5.22,"(tidy:0.9), (clean:0.9)",,"Asian man, navy cardigan, striped tie, khaki pants, university campus.",./static/dataset_images/0012.jpg,177,55.875
0013,female,teenager,average,summer,casual,5.89,"(sweet:1.1), (elegant:1.0)",,"Asian woman, light blue sundress, straw hat, beach background.",./static/dataset_images/0013.jpg,111,72.375
0014,male,adult,athletic,spring/fall,formal,5.78,(cool:1.0),,"Caucasian man, leather jacket, ripped jeans, combat boots, concert stage.",./static/dataset_images/0014.jpg,121,69.875
0015,female,adult,skinny,summer,casual,3.61,,"(bad fabric:1.5), (oversatuated:0.9)","Caucasian woman, shiny low-quality polyester dress, neon pink, ill-fitting, messy street.",./static/dataset_images/0015.jpg,330,17.625
0016,male,teenager,plus_size,spring/fall,casual,5.31,(energetic:1.2),(bloated:1.1),"Asian man, oversized flannel shirt, cap, loose pants, skateboard park.",./static/dataset_images/0016.jpg,168,58.12500000000001
0017,female,middle-aged,skinny,spring/fall,formal,4.82,(good body proportion:0.5),,"Asian woman, sharp power suit, high-waisted trousers, modern skyscraper background.",./static/dataset_images/0017.jpg,220,45.125
0018,male,adult,average,spring/fall,casual,9.01,"(clean:1.3), (tidy:1.2), (handsome:1.6), (simple:1.3)",,"Caucasian man, denim jacket, white tee, chinos, classic diner background.",./static/dataset_images/0018.jpg,2,99.625
0019,female,teenager,average,spring/fall,casual,3.74,,"(cluttered:0.8), (overdressed:1.4)","Caucasian woman, long fringe vest, ethnic patterns, accessories, festival background.",./static/dataset_images/0019.jpg,320,20.125
0020,male,teenager,average,summer,casual,3.7,,(messy:1.3),"Asian man, old stained t-shirt, loose shorts, messy living room.",./static/dataset_images/0020.jpg,323,19.375
0021,female,adult,skinny,spring/fall,casual,5.4,(sweet:0.7),,"Asian woman, soft knit sweater, pleated skirt, warm afternoon sun.",./static/dataset_images/0021.jpg,158,60.62499999999999
0022,male,middle-aged,athletic,spring/fall,formal,6.27,(capable:1.2),,"Caucasian man, bespoke charcoal suit, silk tie, luxury watch, penthouse view.",./static/dataset_images/0022.jpg,80,80.125
0023,female,middle-aged,athletic,summer,casual,5.47,"(sexy:0.7), (good body proportion:1.0)",,"Caucasian woman, matching yoga set, yoga mat, studio background.",./static/dataset_images/0023.jpg,151,62.375
0024,male,middle-aged,athletic,summer,casual,5.14,(tidy:0.8),,"Asian man, plain green t-shirt, jeans, supermarket background.",./static/dataset_images/0024.jpg,186,53.625
0025,female,adult,average,winter,casual,3.99,,(cluttered:0.9),"Asian woman, too many layers of different patterns, clashing colors, oversized accessories.",./static/dataset_images/0025.jpg,300,25.124999999999996
0026,male,middle-aged,skinny,winter,formal,6.53,"(cool:1.6), (simple:1.2)",,"Asian man, high quality charcoal wool overcoat, black turtleneck, slim trousers, foggy city street, cinematic lighting.",./static/dataset_images/0026.jpg,62,84.625
0027,female,middle-aged,plus_size,winter,casual,2.55,,"(bloated:1.6), (messy:1.3)","Caucasian woman, extremely oversized sweater, pants that are way too long and dragging on floor, clumsy silhouette.",./static/dataset_images/0027.jpg,380,5.125
0028,female,adult,plus_size,winter,casual,5.63,"(cute:1.0), (good body proportion:1.1)",,"Asian woman, cropped puffer jacket, high waist leggings, sports cap, modern street background.",./static/dataset_images/0028.jpg,135,66.375
0029,male,middle-aged,average,spring/fall,casual,5.09,(cool:1.0),(oversatuated:0.3),"Caucasian man, shiny cheap purple satin shirt, wrinkled brown corduroy pants, messy hair, clashing textures.",./static/dataset_images/0029.jpg,191,52.37500000000001
0030,female,middle-aged,skinny,spring/fall,formal,5.36,(simple:0.8),,"Caucasian woman, tailored white silk blouse, camel pencil skirt, pointed heels, luxury office interior.",./static/dataset_images/0030.jpg,163,59.375
0031,male,teenager,skinny,spring/fall,casual,5.43,(color match:0.9),,"Asian man, olive green hoodie, khaki chinos, white sneakers, park background.",./static/dataset_images/0031.jpg,155,61.375
0032,female,adult,skinny,spring/fall,casual,6.13,"(cute:1.2), (sweet:1.3)",,"Asian woman, cream knit vest over white shirt dress, beret, autumn leaf background.",./static/dataset_images/0032.jpg,91,77.375
0033,male,middle-aged,athletic,spring/fall,casual,6.1,(energetic:1.3),,"Caucasian man, waterproof gore-tex jacket, cargo pants, hiking boots, mountain trail.",./static/dataset_images/0033.jpg,93,76.875
0034,female,adult,average,summer,casual,3.19,,(oversatuated:1.4),"Caucasian woman, neon orange top, bright pink skirt, electric blue shoes, eye-straining color combination.",./static/dataset_images/0034.jpg,355,11.375
0035,male,adult,athletic,spring/fall,formal,6.72,"(tidy:1.4), (color match:1.0)",,"Asian man, navy blazer, striped shirt, white trousers, loafers, yacht club background.",./static/dataset_images/0035.jpg,51,87.375
0036,female,middle-aged,average,spring/fall,casual,3.63,,"(messy:0.7), (sloppy:0.7)","Asian woman, oversized wrinkled pajamas, mismatched slippers, uncombed hair, messy bedroom.",./static/dataset_images/0036.jpg,328,18.125
0037,male,middle-aged,athletic,spring/fall,formal,6.93,"(good fabric:1.5), (handsome:1.3)",,"Caucasian man, tweed waistcoat, crisp white shirt, dark jeans, library background.",./static/dataset_images/0037.jpg,40,90.125
0038,female,middle-aged,athletic,summer,casual,5,(sexy:1.1),(ugly:0.2),"Caucasian woman, black sports bra, high waist yoga pants, gym background, soft daylight.",./static/dataset_images/0038.jpg,200,50.125
0039,male,teenager,skinny,winter,casual,5.07,(color match:0.5),,"Asian man, denim vest over grey hoodie, black joggers, urban skate park.",./static/dataset_images/0039.jpg,193,51.87500000000001
0040,female,adult,skinny,summer,casual,6.7,"(sweet:1.3), (elegant:1.1)",,"Asian woman, yellow linen sundress, sandals, sunny street cafe.",./static/dataset_images/0040.jpg,52,87.125
0041,male,adult,skinny,summer,casual,4.48,,(not fit:1.0),"Caucasian man, vintage band t-shirt, ripped black jeans, flannel shirt tied around waist.",./static/dataset_images/0041.jpg,255,36.375
0042,female,adult,skinny,summer,formal,3.96,,(overdressed:1.4),"Caucasian woman, elegant emerald green velvet gown, jewelry, grand ballroom, luxury aesthetic.",./static/dataset_images/0042.jpg,303,24.375
0043,male,adult,plus_size,winter,casual,3.59,,"(bloated:1.7), (messy:0.4)","Asian man, extremely thick bloated puffer jacket, too many scarves, looking very round and bulky.",./static/dataset_images/0043.jpg,331,17.375
0044,female,middle-aged,average,summer,casual,6.56,(gorgeous:1.2),(cluttered:0.1),"Asian woman, small floral print blouse, striped skirt, clashing patterns, busy look.",./static/dataset_images/0044.jpg,60,85.125
0045,male,middle-aged,athletic,spring/fall,formal,6.04,"(color match:1.1), (clean:1.0), (tidy:1.2)",,"Caucasian man, light blue dress shirt, navy slacks, leather belt, office hallway.",./static/dataset_images/0045.jpg,98,75.625
0046,female,middle-aged,average,summer,casual,5.25,"(simple:1.1), (clean:1.1)",,"Caucasian woman, plain white v-neck t-shirt, blue jeans, studio background.",./static/dataset_images/0046.jpg,174,56.625
0047,male,adult,athletic,spring/fall,casual,5.52,"(cool:0.8), (handsome:1.2)",,"Asian man, tan work jacket, olive fatigue pants, boots, industrial background.",./static/dataset_images/0047.jpg,146,63.625
0048,female,middle-aged,plus_size,spring/fall,casual,5.62,"(sweet:0.6), (color match:1.0)",,"Asian woman, cashmere beige sweater, silk midi skirt, soft sunlight, high-end feel.",./static/dataset_images/0048.jpg,136,66.125
0049,male,adult,athletic,spring/fall,casual,3.9,,(oversatuated:0.9),"Caucasian man, full neon tracksuit, headbands, glowing colors, too flashy for street.",./static/dataset_images/0049.jpg,308,23.125
0050,female,middle-aged,plus_size,winter,casual,4.46,(simple:0.7),(ugly:0.9),"Caucasian woman, trench coat, skinny jeans, ankle boots, city sidewalk with fallen leaves.",./static/dataset_images/0050.jpg,257,35.875
0051,female,adult,skinny,spring/fall,casual,4.05,,"(bloated:1.4), (bad body proportion:1.2)","Asian woman, mori girl style, loose linen layers, earthy colors, lace details, forest background.",./static/dataset_images/0051.jpg,295,26.375
0052,male,middle-aged,athletic,spring/fall,casual,5.95,"(clean:1.2), (good fabric:1.3)",,"Caucasian man, high-end beige cashmere sweater, tailored white trousers, luxury watch, bright minimal studio.",./static/dataset_images/0052.jpg,106,73.625
0053,female,middle-aged,average,summer,casual,2.95,,"(cluttered:1.6), (overdressed:1.4)","Caucasian woman, wearing 5 different necklaces, huge sunglasses, 3 hats stacked, too many rings, extremely cluttered.",./static/dataset_images/0053.jpg,366,8.625
0054,male,teenager,plus_size,spring/fall,casual,3.95,,(bloated:1.2),"Asian man, 90s vintage windbreaker, baggy denim, retro sneakers, city alleyway.",./static/dataset_images/0054.jpg,304,24.125
0055,female,adult,skinny,spring/fall,formal,6.75,(elegant:1.5),,"Asian woman, tweed set (jacket and skirt), pearl buttons, small handbag, luxury hotel lobby.",./static/dataset_images/0055.jpg,49,87.875
0056,male,adult,average,winter,casual,5.28,(color match:0.6),,"Caucasian man, wearing a heavy thick parka and scarf in a sunny beach background, looking hot and sweaty.",./static/dataset_images/0056.jpg,171,57.375
0057,female,adult,average,spring/fall,formal,5.19,(good body proportion:1.1),,"Caucasian woman, black turtle neck, grey wool pants, simple leather belt, art gallery background.",./static/dataset_images/0057.jpg,180,55.125
0058,male,adult,athletic,summer,casual,4.96,(cool:0.6),,"Asian man, brown utility vest, cream t-shirt, olive cargo pants, campsite background.",./static/dataset_images/0058.jpg,205,48.875
0059,female,adult,average,spring/fall,casual,4.19,,(bad body proportion:1.3),"Asian woman, long shirt that covers legs entirely, flat shoes, no waistline, looking very short and stumped.",./static/dataset_images/0059.jpg,283,29.375
0060,male,middle-aged,athletic,spring/fall,casual,6.5,"(good fabric:1.0), (tidy:1.2), (handsome:1.2)",,"Caucasian man, safari jacket, white t-shirt, desert boots, urban park.",./static/dataset_images/0060.jpg,64,84.125
0061,female,middle-aged,average,spring/fall,casual,3.27,,(heavy makeup:1.1),"Caucasian woman, red wrap dress with white polka dots, straw bag, Paris balcony background.",./static/dataset_images/0061.jpg,351,12.375
0062,male,teenager,athletic,summer,casual,2.03,,(sloppy:1.8),"Asian man, stained white undershirt, boxer shorts, messy hair, gamer room background.",./static/dataset_images/0062.jpg,391,2.375
0063,female,teenager,skinny,spring/fall,casual,7.12,"(energetic:1.2), (sweet:1.3)",,"Asian woman, oversized university hoodie, tennis skirt, white socks and sneakers, campus.",./static/dataset_images/0063.jpg,32,92.125
0064,male,middle-aged,athletic,spring/fall,casual,6.37,"(cool:1.4), (good fabric:1.2)",,"Caucasian man, black leather biker jacket, white t-shirt, black skinny jeans, motorcycle background.",./static/dataset_images/0064.jpg,73,81.875
0065,female,adult,average,summer,casual,3.62,,"(cluttered:1.1), (messy:0.5)","Caucasian woman, mismatched floral top and striped pants, chaotic patterns, busy street background.",./static/dataset_images/0065.jpg,329,17.875
0066,male,adult,skinny,summer,casual,6.01,"(clean:1.2), (color match:0.8)",,"Asian man, white linen shirt, light blue shorts, leather sandals, seaside cafe.",./static/dataset_images/0066.jpg,101,74.875
0067,female,adult,average,summer,casual,6.73,"(sexy:1.1), (elegant:1.3)",,"Asian woman, backless black satin dress, high slit, evening city lights background.",./static/dataset_images/0067.jpg,50,87.625
0068,male,elderly,average,spring/fall,formal,4.18,,(wrinkled:1.5),"Caucasian man, extremely wrinkled linen suit, ill-fitting, messy appearance, cheap looking fabric.",./static/dataset_images/0068.jpg,284,29.125
0069,female,adult,skinny,summer,casual,4.12,,(overdressed:0.9),"Caucasian woman, long flowy maxi dress, ethnic embroidery, sunset desert background.",./static/dataset_images/0069.jpg,289,27.875
0070,male,middle-aged,skinny,winter,casual,6.18,"(good fabric:1.0), (tidy:0.7)",,"Asian man, long camel coat, black scarf, spectacles, winter street with snow.",./static/dataset_images/0070.jpg,87,78.375
0071,female,teenager,average,summer,casual,7.02,"(energetic:1.3), (sweet:1.4)",,"Asian woman, pink polo shirt, blue denim skirt, supermarket aisle.",./static/dataset_images/0071.jpg,36,91.125
0072,male,teenager,athletic,summer,casual,5.76,"(cool:1.2), (good fabric:0.6)",,"Caucasian man, multiple pocket techwear vest, joggers, industrial rooftop.",./static/dataset_images/0072.jpg,123,69.375
0073,female,adult,plus_size,winter,casual,4.32,(good fabric:1.1),(bloated:1.4),"Caucasian woman, oversized faux fur coat, looking very bulky and heavy, dark winter background.",./static/dataset_images/0073.jpg,270,32.625
0074,male,teenager,athletic,summer,formal,8.75,"(clean:1.3), (tidy:1.7), (handsome:1.4)",,"Asian man, school uniform style, white shirt, navy vest, khaki pants, school gate.",./static/dataset_images/0074.jpg,3,99.375
0075,female,middle-aged,skinny,spring/fall,formal,2.31,,"(ugly:1.5), (bad fabric:1.4)","Caucasian woman, full sequin suit, extremely shiny and reflective, distracting and garish.",./static/dataset_images/0075.jpg,386,3.6249999999999996
0076,female,middle-aged,skinny,summer,casual,3.5,,(overdressed:1.4),"Caucasian woman, premium emerald silk slip dress, delicate gold jewelry, luxury evening lounge background.",./static/dataset_images/0076.jpg,337,15.875
0077,male,teenager,skinny,summer,casual,3.25,,(sissy:1.4),"Asian man, very long t-shirt, very short shorts, white high socks, making legs look extremely short, unbalanced.",./static/dataset_images/0077.jpg,352,12.125
0078,male,middle-aged,athletic,spring/fall,casual,6.05,"(good fabric:0.8), (color matched:1.1)",,"Caucasian man, flannel shirt over white tee, straight denim jeans, work boots, countryside barn background.",./static/dataset_images/0078.jpg,97,75.875
0079,female,teenager,average,winter,casual,7.26,"(sexy:1.0), (elegant:1.4)",,"Asian woman, oversized blazer, mini skirt, knee-high boots, Seoul street at night.",./static/dataset_images/0079.jpg,27,93.375
0080,male,middle-aged,skinny,spring/fall,casual,5.74,"(good body proportion:1.0), (tidy:0.7)",,"Asian man, high quality cream knit polo, tailored charcoal trousers, minimalist architecture background.",./static/dataset_images/0080.jpg,125,68.875
0081,female,middle-aged,average,spring/fall,casual,3.65,,"(sloppy:1.3), (wrinkled:0.9)","Caucasian woman, stained oversized sweatpants, holey t-shirt, messy bun hair, kitchen background.",./static/dataset_images/0081.jpg,327,18.375
0082,male,middle-aged,athletic,spring/fall,formal,5.69,"(good fabric:1.2), (clean:0.9)",,"Caucasian man, slim-fit grey suit, no tie, crisp open-collar shirt, city rooftop sunset.",./static/dataset_images/0082.jpg,130,67.625
0083,female,middle-aged,average,spring/fall,casual,4.55,(simple:0.8),(bad body proportion:1.1),"Asian woman, long tunic over wide-leg linen pants, neutral tones, canvas tote, zen garden.",./static/dataset_images/0083.jpg,248,38.125
0084,male,adult,skinny,spring/fall,casual,3.28,,"(color mismatch:1.3), (oversatuated:1.2)","Asian man, bright orange jacket, purple pants, neon yellow shirt, clashing saturations.",./static/dataset_images/0084.jpg,350,12.625
0085,female,adult,average,summer,casual,4.3,(elegant:0.4),(bad fabric:1.0),"Caucasian woman, intricate lace maxi dress, many bracelets, sunlit meadow, dreamy atmosphere.",./static/dataset_images/0085.jpg,272,32.125
0086,male,adult,athletic,spring/fall,casual,4.81,(simple:0.6),,"Caucasian man, sleek black tracksuit with white stripes, modern sneakers, urban gym entrance.",./static/dataset_images/0086.jpg,221,44.875
0087,female,adult,average,winter,casual,5.42,(good body proportion:0.6),,"Asian woman, navy trench coat, skinny trousers, leather loafers, busy subway station.",./static/dataset_images/0087.jpg,156,61.12499999999999
0088,male,teenager,average,spring/fall,casual,3.47,,(cluttered:1.2),"Asian man, wearing clothes that look like children's wear, too small, cartoon prints, weird proportions.",./static/dataset_images/0088.jpg,339,15.375
0089,female,adult,average,spring/fall,casual,5.44,(good body proportion:1.0),,"Caucasian woman, black wrap top, high-waisted beige pants, simple gold hoops, café terrace.",./static/dataset_images/0089.jpg,154,61.625
0090,male,middle-aged,plus_size,winter,casual,5.5,(good fabric:0.9),,"Caucasian man, heavy denim jacket, cargo pants, rugged leather boots, workshop background.",./static/dataset_images/0090.jpg,148,63.125
0091,female,middle-aged,average,spring/fall,casual,6.34,(sweet:1.0),,"Asian woman, fluffy mohair sweater, silk skirt, soft morning light in a cozy room.",./static/dataset_images/0091.jpg,75,81.375
0092,male,middle-aged,plus_size,spring/fall,formal,4.67,(good fabric:1.0),(not fit:1.1),"Asian man, suit that is two sizes too big, sleeves covering hands, shoulders dropping, looking very untidy.",./static/dataset_images/0092.jpg,235,41.375
0093,female,teenager,skinny,spring/fall,casual,1.44,,(ugly:1.9),"Caucasian woman, studded leather jacket, ripped stockings, combat boots, neon-lit alley.",./static/dataset_images/0093.jpg,397,0.8750000000000001
0094,male,middle-aged,athletic,spring/fall,casual,5.39,(energetic:1.1),,"Caucasian man, olive tactical vest, black tech pants, hiking background, rugged aesthetic.",./static/dataset_images/0094.jpg,159,60.375
0095,female,middle-aged,skinny,winter,formal,5.53,(elegant:1.0),(overdressed:0.3),"Asian woman, high-end faux fur stole over a black evening gown, luxury gala event background.",./static/dataset_images/0095.jpg,145,63.87500000000001
0096,male,teenager,skinny,summer,casual,3.69,,(sloppy:1.1),"Asian man, anime t-shirt, plaid pajama pants, sandals with socks, cluttered room.",./static/dataset_images/0096.jpg,324,19.125
0097,female,middle-aged,average,spring/fall,casual,6.09,"(energetic:1.3), (sweet:1.0)",,"Caucasian woman, white tennis dress, green cardigan over shoulders, country club background.",./static/dataset_images/0097.jpg,94,76.625
0098,male,middle-aged,athletic,summer,casual,5.3,(simple:1.2),,"Caucasian man, high quality black t-shirt, black denim, luxury watch, industrial loft.",./static/dataset_images/0098.jpg,169,57.875
0099,female,middle-aged,skinny,summer,casual,7.05,"(sweet:1.2), (elegant:1.3)",,"Asian woman, light yellow floral tea dress, straw hat, flower market background.",./static/dataset_images/0099.jpg,35,91.375
0100,male,adult,skinny,winter,casual,4.44,(good fabric:0.6),(boring:1.0),"Asian man, oversized wool coat, turtleneck, glasses, clean aesthetic, winter park.",./static/dataset_images/0100.jpg,259,35.375
0101,female,adult,athletic,spring/fall,casual,6.95,"(sweet:1.2), (energetic:1.4)",,"Asian woman, bright yellow cardigan, white pleated skirt, high socks, campus tennis court, sunny.",./static/dataset_images/0101.jpg,39,90.375
0102,male,adult,average,summer,casual,3.8,,(bad body proportion:1.5),"Caucasian man, very long oversized t-shirt reaching knees, baggy shorts, slippers, looking short.",./static/dataset_images/0102.jpg,316,21.125
0103,female,adult,average,spring/fall,casual,5.55,"(simple:1.0), (tidy:1.1)",,"Caucasian woman, camel wool vest, white shirt, black leggings, designer loafers, city park.",./static/dataset_images/0103.jpg,143,64.375
0104,male,adult,skinny,spring/fall,formal,5.46,(clean:1.3),(bad fabric:0.5),"Asian man, ill-fitting thin polyester suit, reflective fabric, wrinkled sleeves, cheap appearance.",./static/dataset_images/0104.jpg,152,62.125
0105,female,adult,skinny,spring/fall,formal,6.02,(elegant:1.2),,"Asian woman, tweed shorts set, sheer black tights, ankle boots, high-end department store.",./static/dataset_images/0105.jpg,100,75.125
0106,male,middle-aged,average,spring/fall,casual,5.64,(good fabric:1.3),,"Caucasian man, olive M65 field jacket, grey hoodie, raw denim jeans, forest trail.",./static/dataset_images/0106.jpg,134,66.625
0107,female,middle-aged,average,summer,casual,6.83,"(elegant:1.3), (good body proportion:1.3)",,"Caucasian woman, high quality little black dress, simple pearl earrings, minimal studio lighting.",./static/dataset_images/0107.jpg,45,88.875
0108,male,adult,average,spring/fall,casual,3.86,(clean:0.6),(cluttered:1.1),"Asian man, wearing 4 different patterns at once: camo hat, striped shirt, floral pants, plaid socks.",./static/dataset_images/0108.jpg,311,22.375
0109,female,teenager,plus_size,spring/fall,casual,5.21,(cute:0.7),,"Asian woman, oversized brown corduroy jacket, baggy pants, bucket hat, street photography style.",./static/dataset_images/0109.jpg,178,55.625
0110,male,adult,athletic,summer,casual,5.88,"(fit:1.0), (handsome:1.0)",,"Caucasian man, navy polo shirt, white shorts, boat shoes, sunny country club background.",./static/dataset_images/0110.jpg,112,72.125
0111,female,teenager,average,spring/fall,casual,1.25,,"(dirty:1.7), (messy:1.6)","Caucasian woman, old oversized hoodie with food stains, messy hair, dark room, unkempt look.",./static/dataset_images/0111.jpg,398,0.625
0112,male,middle-aged,athletic,spring/fall,casual,6.26,(tidy:1.2),,"Asian man, light grey knit sweater over blue denim shirt, khaki chinos, clean library.",./static/dataset_images/0112.jpg,81,79.875
0113,female,adult,skinny,summer,casual,7.45,"(sweet:1.2), (elegant:1.2), (good body proportion:1.3)",,"Asian woman, small blue floral wrap dress, straw hat, seaside breeze.",./static/dataset_images/0113.jpg,21,94.875
0114,male,middle-aged,athletic,winter,casual,5.58,(cool:0.7),,"Caucasian man, brown leather jacket, black turtleneck, dark jeans, night city lights.",./static/dataset_images/0114.jpg,140,65.125
0115,female,adult,average,spring/fall,casual,2.74,,"(cluttered:1.2), (messy:1.4), (bloated:1.2), (overdressed:1.0)","Caucasian woman, huge puffy sleeves, tiny shorts, weird chunky boots, looks like a cartoon character.",./static/dataset_images/0115.jpg,374,6.625
0116,male,middle-aged,skinny,summer,casual,5.68,(clean:1.0),,"Asian man, crisp white linen shirt, navy trousers, brown loafers, outdoor cafe.",./static/dataset_images/0116.jpg,131,67.375
0117,female,adult,skinny,spring/fall,casual,6.31,(sweet:1.2),,"Asian woman, soft lavender sweater, white silk skirt, warm indoor lighting, cozy.",./static/dataset_images/0117.jpg,77,80.875
0118,male,middle-aged,athletic,spring/fall,formal,7.32,"(clean:1.2), (tidy:1.2), (handsome:1.3)",,"Caucasian man, bespoke navy 3-piece suit, pocket square, luxury watch, skyscraper office.",./static/dataset_images/0118.jpg,25,93.875
0119,female,adult,average,spring/fall,casual,2.62,,(ugly:1.6),"Caucasian woman, black techwear jacket, many straps, cargo pants, cyberpunk city background.",./static/dataset_images/0119.jpg,378,5.625
0120,male,adult,skinny,summer,casual,1.69,,"(messy:1.4), (dirty:1.6)","Asian man, yellowed t-shirt, torn dirty shorts, messy environment, greasy hair.",./static/dataset_images/0120.jpg,395,1.375
0121,female,adult,skinny,spring/fall,casual,6.63,(cute:1.1),,"Asian woman, red cardigan with white lace collar, denim skirt, retro bakery background.",./static/dataset_images/0121.jpg,56,86.125
0122,male,teenager,athletic,spring/fall,formal,5.04,(simple:0.7),,"Caucasian man, grey v-neck sweater, white shirt, black tie, glasses, classic university hall.",./static/dataset_images/0122.jpg,196,51.125
0123,female,adult,average,summer,formal,4.64,(elegant:1.1),(overdressed:0.8),"Caucasian woman, midnight blue velvet gown, diamonds, grand stairs, luxury aesthetic.",./static/dataset_images/0123.jpg,238,40.625
0124,male,teenager,skinny,summer,casual,4.61,(simple:0.9),(bad body proportion:0.8),"Asian man, generic grey t-shirt, blue jeans, backpack, subway station.",./static/dataset_images/0124.jpg,242,39.625
0125,female,adult,skinny,summer,casual,2.93,,"(oversatuated:1.2), (color mismatch:1.3)","Asian woman, neon orange top, neon green pants, bright purple shoes, clashing and cheap.",./static/dataset_images/0125.jpg,367,8.375
0126,female,adult,average,spring/fall,casual,4.79,(simple:1.0),,"Asian woman, high-quality white linen shirt, navy culottes, leather loafers, bright minimal art gallery.",./static/dataset_images/0126.jpg,223,44.375
0127,male,middle-aged,average,spring/fall,formal,4.1,(good fabric:1.0),"(messy hair:0.8), (bad mood:1.4)","Caucasian man, expensive suit but extremely wrinkled, shirt untucked, messy tie, looking disheveled.",./static/dataset_images/0127.jpg,291,27.375
0128,female,adult,athletic,spring/fall,casual,5.41,"(fit:1.0), (sexy:0.6)",,"Caucasian woman, grey sports bra, matching zip-up hoodie, high-waist leggings, urban gym background.",./static/dataset_images/0128.jpg,157,60.875
0129,male,adult,plus_size,spring/fall,casual,4.29,,(bloated:0.4),"Asian man, oversized down vest over a very thin summer t-shirt, shorts, and heavy winter boots, mismatched season.",./static/dataset_images/0129.jpg,273,31.874999999999996
0130,female,middle-aged,average,spring/fall,formal,2.51,,"(heavy makeup:1.6), (ugly:1.2)","Asian woman, 1950s style tea dress, cinched waist, pearl earrings, retro cafe background.",./static/dataset_images/0130.jpg,381,4.875
0131,male,middle-aged,athletic,spring/fall,casual,5.34,"(good mood:1.2), (good fabric:1.2)",,"Caucasian man, flannel shirt, worn-in denim, rugged work boots, woodpile background.",./static/dataset_images/0131.jpg,165,58.875
0132,female,adult,average,summer,casual,3.21,(sexy:0.7),"(cluttered:1.2), (overdressed:1.2)","Caucasian woman, wearing too many necklaces and bracelets, giant floppy hat, huge earrings, looks very heavy.",./static/dataset_images/0132.jpg,354,11.625
0133,male,middle-aged,skinny,winter,casual,4.06,,(boring:1.0),"Asian man, long black wool coat, grey turtleneck, spectacles, street in Seoul during winter.",./static/dataset_images/0133.jpg,294,26.625
0134,female,teenager,average,spring/fall,casual,6.03,"(cute:1.1), (energetic:1.0)",,"Asian woman, oversized hoodie, pleated skirt, canvas backpack, university campus.",./static/dataset_images/0134.jpg,99,75.375
0135,male,middle-aged,skinny,spring/fall,formal,3.78,,"(bad fabric:1.1), (oversatuated:1.3)","Caucasian man, shiny silver sequin shirt, bright green pants, disco ball background, garish colors.",./static/dataset_images/0135.jpg,317,20.875
0136,female,adult,average,winter,casual,4.98,"(simple:1.0), (good mood:0.8)",,"Caucasian woman, beige trench coat, white t-shirt, straight blue jeans, autumn city street.",./static/dataset_images/0136.jpg,203,49.375
0137,male,teenager,skinny,summer,casual,3.55,,"(sloppy:1.0), (ugly:1.4)","Asian man, loose stained t-shirt, basketball shorts, flip flops, messy convenience store background.",./static/dataset_images/0137.jpg,334,16.625
0138,female,adult,average,spring/fall,casual,5.99,(sweet:1.0),,"Asian woman, cashmere sweater, silk midi skirt, soft morning sunlight, high-end aesthetic.",./static/dataset_images/0138.jpg,102,74.625
0139,male,adult,average,spring/fall,casual,4.43,,(overdressed:0.6),"Caucasian man, black techwear jacket, cargo pants with many straps, industrial rooftop.",./static/dataset_images/0139.jpg,260,35.125
0140,female,teenager,skinny,summer,casual,2.65,,"(heavy makeup:1.3), (color mismatch:1.0), (oversatuated:1.1)","Caucasian woman, neon yellow top, purple skirt, red stockings, chaotic color palette.",./static/dataset_images/0140.jpg,377,5.875
0141,male,middle-aged,average,summer,casual,4.78,(simple:0.8),,"Asian man, light blue dress shirt, navy chinos, leather belt, office building lobby.",./static/dataset_images/0141.jpg,224,44.125
0142,female,teenager,average,winter,casual,4.26,,(messy:0.4),"Asian woman, too many layers of heavy knitwear, looking very bulky and round, no shape.",./static/dataset_images/0142.jpg,276,31.125000000000004
0143,male,middle-aged,skinny,spring/fall,formal,5.97,(tidy:1.0),,"Caucasian man, well-tailored charcoal suit, no tie, white sneakers, modern rooftop lounge.",./static/dataset_images/0143.jpg,104,74.125
0144,female,adult,average,summer,casual,3.82,,(old fashioned:1.4),"Caucasian woman, small floral top with large striped pants, clashing patterns, busy street.",./static/dataset_images/0144.jpg,314,21.625
0145,male,adult,athletic,summer,casual,4.45,,(boring:0.6),"Asian man, olive green t-shirt, khaki shorts, white sneakers, sunny park.",./static/dataset_images/0145.jpg,258,35.625
0146,female,adult,average,spring/fall,formal,4.84,(good fabric:1.0),,"Asian woman, tweed jacket, white trousers, small designer bag, luxury hotel interior.",./static/dataset_images/0146.jpg,217,45.875
0147,male,adult,plus_size,spring/fall,casual,4.49,(simple:0.6),(not fit:0.8),"Caucasian man, shirt and pants that are 3 sizes too big, sleeves covering hands, very untidy.",./static/dataset_images/0147.jpg,254,36.625
0148,female,middle-aged,average,summer,casual,3.93,,(overdressed:1.2),"Caucasian woman, long flowy printed dress, multiple layers of jewelry, desert sunset.",./static/dataset_images/0148.jpg,305,23.875
0149,male,adult,average,summer,casual,3.13,,(sloppy:1.2),"Asian man, tank top, striped pajama pants, messy hair, cluttered living room.",./static/dataset_images/0149.jpg,358,10.625
0150,female,teenager,athletic,summer,casual,7.85,"(cute:1.6), (sexy:1.5)",,"Asian woman, matching yoga set, sleek ponytail, minimal pilates studio.",./static/dataset_images/0150.jpg,12,97.125
0151,male,middle-aged,skinny,summer,casual,4.47,(simple:0.8),(bad mood:0.9),"Asian man, premium heavyweight white t-shirt, tailored black trousers, leather sandals, luxury villa background.",./static/dataset_images/0151.jpg,256,36.125
0152,female,adult,average,summer,casual,5.29,(gorgeous:0.3),,"Caucasian woman, elegant lace evening blouse paired with dirty distressed denim shorts, sneakers, inconsistent style.",./static/dataset_images/0152.jpg,170,57.62500000000001
0153,female,adult,skinny,spring/fall,casual,3.87,,(bad body proportion:1.3),"Asian woman, oversized linen shirt dress, straw bag, blooming meadow, soft natural lighting.",./static/dataset_images/0153.jpg,310,22.625
0154,male,adult,average,spring/fall,formal,4.41,,(overdressed:0.7),"Caucasian man, suit jacket with too many pins, 3 different pocket squares, multiple chunky rings, looking cluttered.",./static/dataset_images/0154.jpg,262,34.625
0155,female,adult,plus_size,spring/fall,casual,4.22,,(messy:0.7),"Caucasian woman, cropped leather jacket, high-waist mom jeans, combat boots, city crosswalk.",./static/dataset_images/0155.jpg,280,30.125
0156,male,teenager,athletic,spring/fall,casual,4.86,"(good fabric:0.9), (simple:0.8)",,"Asian man, long hoodie under a short tight denim jacket, looking bulky and misproportioned.",./static/dataset_images/0156.jpg,215,46.375
0157,female,adult,skinny,spring/fall,casual,6.23,"(good body proportion:1.2), (fit:1.1), (good fabric:1.0), (simple:1.0)",,"Asian woman, beige blazer, white t-shirt, blue jeans, pointed flats, Seoul office district.",./static/dataset_images/0157.jpg,83,79.375
0158,male,adult,skinny,spring/fall,casual,6.19,"(good mood:1.0), (handsome:1.0)",,"Caucasian man, navy chore coat, white tee, olive chinos, boots, workshop background.",./static/dataset_images/0158.jpg,86,78.625
0159,female,adult,skinny,spring/fall,casual,2.88,,"(heavy makeup:1.2), (bad fabric:1.4)","Caucasian woman, cheap shiny polyester neon dress, wrinkled, ill-fitting, bright artificial lighting.",./static/dataset_images/0159.jpg,369,7.875
0160,male,adult,skinny,winter,casual,5.13,(cool:1.0),,"Asian man, black techwear shell jacket, cargo joggers, futuristic sneakers, rainy city street.",./static/dataset_images/0160.jpg,187,53.37499999999999
0161,female,middle-aged,skinny,winter,casual,5.67,"(good body proportion:0.9), (fit:1.1)",,"Asian woman, charcoal knit dress, long camel coat, leather boots, autumn park.",./static/dataset_images/0161.jpg,132,67.125
0162,male,elderly,athletic,summer,casual,2.59,,(sloppy:1.5),"Caucasian man, baggy old grey sweatpants, stained white tank top, unkempt beard, messy kitchen.",./static/dataset_images/0162.jpg,379,5.375
0163,female,teenager,average,summer,casual,7.56,"(simple:1.2), (sexy:1.2)",,"Caucasian woman, simple black tank top, denim skirt, sunglasses, sunny boardwalk.",./static/dataset_images/0163.jpg,18,95.625
0164,male,adult,skinny,summer,formal,6.08,"(tidy:1.6), (clean:1.3)",,"Asian man, vertical striped shirt (tucked in), slim navy trousers, loafers, outdoor cafe terrace.",./static/dataset_images/0164.jpg,95,76.375
0165,female,adult,plus_size,winter,casual,3.35,,"(oversatuated:1.2), (color mismatch:1.1)","Asian woman, neon pink puffer jacket, neon green leggings, looking very distracting and garish.",./static/dataset_images/0165.jpg,346,13.625000000000002
0166,male,adult,athletic,spring/fall,formal,6.68,"(clean:1.1), (tidy:1.3)",,"Caucasian man, charcoal wool 3-piece suit, silk tie, pocket square, luxury boardroom.",./static/dataset_images/0166.jpg,53,86.875
0167,female,middle-aged,average,spring/fall,formal,4.03,,(messy:1.0),"Caucasian woman, suit jacket that is way too large, shoulders drooping, sleeves too long, looking messy.",./static/dataset_images/0167.jpg,297,25.874999999999996
0168,male,middle-aged,athletic,spring/fall,casual,4.72,(fit:0.8),,"Asian man, quarter-zip fleece, joggers, running shoes, morning park jog.",./static/dataset_images/0168.jpg,230,42.625
0169,female,teenager,average,spring/fall,formal,6.66,(sweet:1.0),,"Asian woman, navy cardigan over white collared shirt, pleated skirt, library background.",./static/dataset_images/0169.jpg,54,86.625
0170,male,middle-aged,athletic,spring/fall,formal,4.21,,"(bad fabric:0.4), (bad mood:0.7)","Caucasian man, leather jacket over a formal dress shirt and tie, weird stylistic clash.",./static/dataset_images/0170.jpg,281,29.875
0171,female,adult,skinny,spring/fall,casual,4.83,(good body proportion:0.7),,"Caucasian woman, all-black outfit: turtleneck, leather pants, high heels, minimalist background.",./static/dataset_images/0171.jpg,219,45.375
0172,male,middle-aged,plus_size,summer,casual,4.25,,,"Asian man, generic blue polo shirt, khaki shorts, sandals, supermarket.",./static/dataset_images/0172.jpg,277,30.875000000000004
0173,female,middle-aged,plus_size,winter,casual,5.86,(gorgeous:1.1),(bloated:0.6),"Asian woman, extremely thick white faux-fur coat, looking like a ball, very bulky.",./static/dataset_images/0173.jpg,114,71.625
0174,male,middle-aged,skinny,summer,formal,4.92,"(good mood:0.6), (good fabric:0.4)",,"Caucasian man, denim shirt, white t-shirt, dark brown chinos, sunny backyard.",./static/dataset_images/0174.jpg,209,47.875
0175,female,middle-aged,plus_size,spring/fall,casual,3.85,,(messy:1.0),"Caucasian woman, oversized silk shirt, wide-leg linen trousers, beach house sunset.",./static/dataset_images/0175.jpg,312,22.125
0176,male,middle-aged,skinny,spring/fall,casual,6.6,"(good body proportion:1.0), (good fabric:1.1), (tidy:1.2)",,"Caucasian man, cream cable-knit sweater, light blue button-down shirt, tailored navy chinos, loafers, garden party.",./static/dataset_images/0176.jpg,58,85.625
0177,female,adult,plus_size,spring/fall,casual,4.09,(good mood:0.5),(bad body proportion:1.2),"Asian woman, very long tunic shirt that reaches mid-thigh, wide-leg pants, flat sneakers, making legs look very short.",./static/dataset_images/0177.jpg,292,27.125
0178,female,middle-aged,skinny,spring/fall,formal,6.48,"(handsome:1.2), (tidy:1.1)",,"Caucasian woman, charcoal grey wool vest, matching trousers, black leather belt, minimal studio lighting.",./static/dataset_images/0178.jpg,65,83.875
0179,male,teenager,plus_size,winter,casual,3.89,(color match:0.6),(bloated:1.4),"Asian man, super oversized puffy jacket, baggy jeans dragging on the floor, looking round and stumpy.",./static/dataset_images/0179.jpg,309,22.875
0180,female,teenager,skinny,spring/fall,casual,8.21,"(cute:1.7), (sweet:1.5), (energetic:1.3)",,"Asian woman, varsity jacket, white t-shirt, pleated mini skirt, white socks and sneakers, Seoul campus.",./static/dataset_images/0180.jpg,7,98.375
0181,male,adult,athletic,spring/fall,casual,5.27,(simple:1.0),,"Caucasian man, distressed denim jacket, grey hoodie, black jeans, boots, urban alleyway.",./static/dataset_images/0181.jpg,172,57.125
0182,female,adult,average,winter,casual,2.9,,"(heavy makeup:1.2), (oversatuated:1.1), (color mismatch:1.3)","Caucasian woman, bright red sweater, neon yellow skirt, purple boots, clashing patterns and colors.",./static/dataset_images/0182.jpg,368,8.125
0183,male,middle-aged,plus_size,spring/fall,formal,5.81,"(simple:1.0), (tidy:1.2)",(bad mood:0.1),"Asian man, bespoke grey suit, light blue shirt, navy tie, luxury leather briefcase, modern office.",./static/dataset_images/0183.jpg,118,70.625
0184,female,adult,skinny,spring/fall,casual,3.58,,(sloppy:1.0),"Asian woman, soft beige oversized cardigan, silk pajama pants, messy bun, cozy living room.",./static/dataset_images/0184.jpg,332,17.125
0185,male,adult,average,winter,casual,3.44,,"(overdressed:1.2), (cluttered:1.3)","Caucasian man, multiple layers of scarves, huge hat, glasses, many rings and bracelets, very cluttered look.",./static/dataset_images/0185.jpg,341,14.875
0186,female,adult,average,summer,casual,6.81,"(elegant:1.3), (good body proportion:1.2)",,"Caucasian woman, white linen sundress, straw hat, basket bag, sunny vineyard background.",./static/dataset_images/0186.jpg,46,88.625
0187,male,middle-aged,athletic,summer,casual,5.65,"(color match:1.0), (good mood:0.7)",,"Asian man, olive green polo, khaki shorts, boat shoes, sunny park background.",./static/dataset_images/0187.jpg,133,66.875
0188,female,adult,skinny,winter,casual,4.2,,"(messy:0.5), (cluttered:0.2)","Asian woman, 3 layers of sweaters, heavy wool scarf, looking very bloated and bulky, messy style.",./static/dataset_images/0188.jpg,282,29.625
0189,male,adult,skinny,winter,casual,4.63,(cool:0.6),(bloated:0.8),"Caucasian man, black techwear jacket with straps, cargo joggers, futuristic sneakers, cyberpunk street.",./static/dataset_images/0189.jpg,239,40.375
0190,female,middle-aged,skinny,spring/fall,casual,6.07,(elegant:1.0),,"Caucasian woman, high-waist A-line skirt, tucked-in silk blouse, heels, classic European street.",./static/dataset_images/0190.jpg,96,76.125
0191,male,middle-aged,skinny,summer,casual,3.73,,(sloppy:0.9),"Asian man, oversized dirty t-shirt, mismatched gym shorts, flip flops, messy street background.",./static/dataset_images/0191.jpg,321,19.875
0192,female,adult,athletic,spring/fall,formal,4.89,(simple:1.0),,"Asian woman, navy blazer, white camisole, slim jeans, designer handbag, business district.",./static/dataset_images/0192.jpg,212,47.125
0193,male,middle-aged,athletic,winter,casual,4.71,,,"Caucasian man, wearing a heavy winter parka and wool hat on a tropical sunny beach, looking sweaty.",./static/dataset_images/0193.jpg,231,42.375
0194,female,teenager,skinny,spring/fall,casual,5.87,"(cool:1.2), (good fabric:0.9)",,"Caucasian woman, black leather biker jacket, black turtleneck, black skinny jeans, night city lights.",./static/dataset_images/0194.jpg,113,71.875
0195,male,middle-aged,skinny,summer,casual,4.99,(simple:1.0),,"Asian man, white linen shirt, light grey trousers, leather sandals, seaside cafe.",./static/dataset_images/0195.jpg,202,49.625
0196,female,teenager,plus_size,spring/fall,casual,4.65,,,"Asian woman, generic grey hoodie, black leggings, backpack, subway station.",./static/dataset_images/0196.jpg,237,40.875
0197,male,middle-aged,skinny,spring/fall,casual,3.39,,"(oversatuated:1.5), (bad fabric:1.2)","Caucasian man, shiny synthetic polyester shirt, neon pink, ill-fitting and wrinkled, messy club background.",./static/dataset_images/0197.jpg,344,14.124999999999998
0198,female,middle-aged,average,summer,casual,4.04,(elegant:0.5),(overdressed:1.3),"Caucasian woman, emerald green velvet gown, jewelry, grand opera house staircase.",./static/dataset_images/0198.jpg,296,26.125
0199,male,teenager,skinny,summer,casual,3.53,,"(sloppy:0.2), (cluttered:1.4)","Asian man, t-shirt with childish cartoon prints, too short pants, colorful sneakers, looking immature.",./static/dataset_images/0199.jpg,335,16.375
0200,female,adult,athletic,summer,casual,6.28,"(sexy:1.0), (good mood:1.0), (cute:0.2)",,"Asian woman, sleek yoga set, high-end gym background, perfect posture, athletic look.",./static/dataset_images/0200.jpg,79,80.375
0201,male,teenager,athletic,spring/fall,casual,5.85,"(good fabric:1.0), (clean:1.2)",,"Caucasian man, navy cashmere sweater over white crisp shirt, tailored grey trousers, high-end leather watch, ivy league campus.",./static/dataset_images/0201.jpg,115,71.375
0202,female,adult,average,spring/fall,formal,4.24,,"(heavy makeup:0.1), (ugly:0.1)","Asian woman, silk white blouse, black high-waisted cigarette pants, minimal jewelry, modern art museum interior.",./static/dataset_images/0202.jpg,278,30.625000000000004
0203,male,adult,average,summer,casual,2.98,,"(sloppy:1.3), (messy:1.7)","Asian man, white t-shirt with a stretched-out collar, faded jeans, unkempt appearance, messy urban street.",./static/dataset_images/0203.jpg,365,8.875
0204,female,middle-aged,plus_size,winter,casual,4.54,,,"Caucasian woman, heavy wool coat over a maxi dress with too many scarves, looks bulky and shapeless, winter park.",./static/dataset_images/0204.jpg,249,37.875
0205,male,middle-aged,skinny,winter,formal,6.65,"(good mood:1.3), (tidy:1.1), (good fabric:1.2)",,"Caucasian man, charcoal wool turtleneck, tailored black overcoat, slim trousers, night city lights, sophisticated.",./static/dataset_images/0205.jpg,55,86.375
0206,female,adult,average,spring/fall,formal,7,"(sweet:1.2), (gorgeous:1.1)",,"Asian woman, navy blazer with gold buttons, pleated white skirt, leather loafers, clean library background.",./static/dataset_images/0206.jpg,37,90.875
0207,male,teenager,average,summer,casual,3.02,,"(sloppy:1.1), (messy:1.3)","Asian man, faded t-shirt with uneven bleach stains, ripped dirty shorts, worn-out sneakers, abandoned building.",./static/dataset_images/0207.jpg,363,9.375
0208,female,middle-aged,skinny,winter,formal,4.75,,,"Caucasian woman, high-quality leather trench coat, simple black dress underneath, luxury aesthetic, rainy street.",./static/dataset_images/0208.jpg,227,43.375
0209,male,middle-aged,athletic,spring/fall,casual,4.42,(fit:1.0),(boring:1.0),"Caucasian man, sleek performance tech hoodie, slim joggers, expensive running shoes, high-tech gym.",./static/dataset_images/0209.jpg,261,34.875
0210,female,teenager,average,summer,casual,4.4,,(bloated:0.4),"Asian woman, formal silk evening dress worn over baggy cargo pants, chunky sneakers, weird stylistic clash.",./static/dataset_images/0210.jpg,263,34.375
0211,male,middle-aged,average,apring/fall,casual,6.2,"(clean:1.2), (simple:1.1)",,"Asian man, light blue oxford shirt, beige chinos, white clean sneakers, sunny garden cafe.",./static/dataset_images/0211.jpg,85,78.875
0212,female,adult,plus_size,spring/fall,casual,2.71,,(overdressed:1.4),"Caucasian woman, 5 big gold chains, huge sunglasses, massive earrings, leopard print top, looking very gaudy.",./static/dataset_images/0212.jpg,375,6.375
0213,male,adult,athletic,spring/fall,casual,6.24,"(cool:1.2), (good fabric:1.1), (handsome:0.9)",,"Caucasian man, black leather biker jacket, plain grey t-shirt, dark denim, motorcycle background, clean look.",./static/dataset_images/0213.jpg,82,79.625
0214,female,adult,skinny,spring/fall,casual,7.1,"(elegant:1.2), (simple:1.3)",,"Asian woman, cropped cardigan, high-waist jeans, making legs look very long, simple and effective.",./static/dataset_images/0214.jpg,33,91.875
0215,male,adult,plus_size,spring/fall,casual,3.07,,"(bad body proportion:1.6), (bloated:1.4)","Asian man, oversized military jacket with way too many pockets, baggy pants, looking very short and wide.",./static/dataset_images/0215.jpg,361,9.875
0216,female,middle-aged,average,summer,casual,4.9,,,"Caucasian woman, pastel blue linen dress, leather sandals, straw hat, coastal village background.",./static/dataset_images/0216.jpg,211,47.375
0217,male,middle-aged,plus_size,spring/fall,casual,3.76,(good mood:0.4),(sloppy:1.0),"Caucasian man, wrinkled silk pajamas worn as street wear, messy hair, slippers, convenience store background.",./static/dataset_images/0217.jpg,319,20.375
0218,female,middle-aged,plus_size,spring/fall,formal,4.93,(simple:1.0),,"Asian woman, sharp grey power suit, black camisole, high heels, executive office view.",./static/dataset_images/0218.jpg,208,48.125
0219,male,middle-aged,skinny,summer,casual,4.6,(clean:1.0),(ugly:0.4),"Asian man, plain navy t-shirt, grey shorts, canvas sneakers, supermarket aisle.",./static/dataset_images/0219.jpg,243,39.375
0220,female,middle-aged,skinny,summer,casual,5.75,(elegant:1.1),(bad fabric:0.3),"Caucasian woman, low-quality thin lace dress, visible loose threads, ill-fitting, bright harsh lighting.",./static/dataset_images/0220.jpg,124,69.125
0221,male,adult,athletic,spring/fall,casual,4.97,(tidy:0.4),,"Caucasian man, wool vest over flannel shirt, rugged denim, autumn woods, balanced layering.",./static/dataset_images/0221.jpg,204,49.125
0222,female,teenager,average,summer,casual,3.15,,(oversatuated:1.3),"Asian woman, too many ruffles, oversized bow, bright pink and neon yellow, looking immature and cluttered.",./static/dataset_images/0222.jpg,357,10.875
0223,male,teenager,athletic,spring/fall,casual,4.53,"(good fabric:0.5), (color match:1.0)",(bad mood:0.8),"Asian man, olive bomber jacket, black tee, khaki trousers, urban sunset background.",./static/dataset_images/0223.jpg,250,37.625
0224,female,adult,skinny,spring/fall,casual,6.41,"(elegant:1.4), (sexy:0.9)",,"Caucasian woman, high-neck black knit dress, simple gold watch, minimalist white background.",./static/dataset_images/0224.jpg,70,82.625
0225,male,middle-aged,plus_size,summer,casual,4.16,,(messy:0.4),"Caucasian man, light grey t-shirt with visible large sweat stains under arms, messy appearance, outdoor gym.",./static/dataset_images/0225.jpg,285,28.875
0226,female,adult,skinny,spring/fall,casual,5.33,(elegant:0.7),,"Asian woman, premium white silk dress, minimalist silver jewelry, sun-drenched architectural space, peaceful look.",./static/dataset_images/0226.jpg,166,58.62500000000001
0227,male,middle-aged,athletic,spring/fall,formal,4.69,(clean:0.9),,"Caucasian man, high-quality blue shirt but with noticeable yellow sweat stains on the collar, unkempt hair.",./static/dataset_images/0227.jpg,233,41.875
0228,male,adult,skinny,spring/fall,casual,5.51,"(good fabric:1.2), (clean:1.1)",,"Asian man, charcoal wool overcoat, grey cashmere hoodie, white tee, slim dark jeans, urban winter street.",./static/dataset_images/0228.jpg,147,63.375
0229,female,middle-aged,average,spring/fall,casual,3.32,(good mood:0.8),"(cluttered:1.0), (messy:1.1)","Caucasian woman, wearing a bright patterned scarf, striped top, and floral skirt at the same time, too many textures.",./static/dataset_images/0229.jpg,348,13.125
0230,male,adult,athletic,spring/fall,formal,6.87,"(tidy:1.2), (good fabric:1.0), (handsome:0.8)",,"Caucasian man, midnight blue pinstripe suit, crisp white shirt, silk tie, luxury watch, high-rise office.",./static/dataset_images/0230.jpg,43,89.375
0231,female,adult,skinny,summer,casual,7.29,"(elegant:1.3), (gorgeous:1.2)",,"Asian woman, pale green floral sundress, simple straw hat, sunny garden path, very clean look.",./static/dataset_images/0231.jpg,26,93.625
0232,male,adult,skinny,winter,casual,3.11,,"(bad body proportion:1.3), (bloated:1.2), (ugly:1.1)","Asian man, long oversized hoodie that reaches the knees, wearing saggy pants, legs look extremely short.",./static/dataset_images/0232.jpg,359,10.375
0233,female,adult,average,winter,casual,5.49,"(gorgeous:0.5), (good fabric:1.0), (simple:1.0)",,"Caucasian woman, camel trench coat, black turtleneck, straight leg jeans, leather boots, city sidewalk.",./static/dataset_images/0233.jpg,149,62.875
0234,male,middle-aged,athletic,spring/fall,casual,5.38,"(simple:1.0), (fit:0.8)",,"Caucasian man, simple black zip-up hoodie, grey joggers, white sneakers, park background.",./static/dataset_images/0234.jpg,160,60.12499999999999
0235,female,teenager,average,summer,casual,3.3,(gorgeous:0.1),"(overdressed:1.4), (heavy makeup:1.2)","Asian woman, heavy gold necklaces, large butterfly hair clips, bright blue eyeshadow, cluttered and loud style.",./static/dataset_images/0235.jpg,349,12.875
0236,male,middle-aged,skinny,spring/fall,casual,4.87,"(simple:0.8), (clean:1.0)",,"Asian man, oversized cream sweater, light brown slacks, glasses, clean interior, cozy atmosphere.",./static/dataset_images/0236.jpg,214,46.625
0237,female,middle-aged,average,spring/fall,casual,2.35,,"(dirty:1.2), (messy:1.5)","Caucasian woman, oversized shirt with coffee stains, messy hair, dark room with laundry in background.",./static/dataset_images/0237.jpg,385,3.875
0238,male,adult,average,summer,formal,6.51,"(clean:1.3), (tidy:1.1), (simple:1.2), (good mood:1.0)",,"Caucasian man, navy blazer, white polo shirt, khaki shorts, boat shoes, harbor background.",./static/dataset_images/0238.jpg,63,84.375
0239,female,adult,skinny,summer,casual,6.3,"(gorgeous:1.2), (sexy:0.9)",,"Asian woman, cheap shiny synthetic fabric dress, wrinkled, pulling at seams, poor fit.",./static/dataset_images/0239.jpg,78,80.625
0240,male,middle-aged,athletic,summer,casual,4.51,,,"Asian man, plain white short sleeve shirt, navy chinos, clean studio background.",./static/dataset_images/0240.jpg,252,37.125
0241,female,middle-aged,skinny,summer,casual,4.52,,,"Caucasian woman, perfectly tailored little black dress, high heels, luxury hotel lobby, elegant silhouette.",./static/dataset_images/0241.jpg,251,37.375
0242,male,middle-aged,normal,spring/fall,formal,4.76,(cool:0.4),,"Caucasian man, wearing a cowboy hat with a formal tuxedo and flip flops, weird stylistic clash.",./static/dataset_images/0242.jpg,226,43.625
0243,female,middle-aged,plus_size,spring/fall,casual,5.72,(sweet:0.7),,"Asian woman, soft mohair lavender sweater, white silk skirt, soft morning light.",./static/dataset_images/0243.jpg,127,68.375
0244,male,adult,skinny,spring/fall,casual,5.16,(good body proportion:0.8),,"Asian man, olive utility jacket, black t-shirt, raw denim, rugged boots, urban workshop.",./static/dataset_images/0244.jpg,183,54.37499999999999
0245,female,teenager,athletic,summer,casual,2.68,,"(oversatuated:1.0), (color mismatch:1.2), (heavy makeup:0.9)","Caucasian woman, neon orange top, neon purple leggings, electric blue shoes, eye-straining colors.",./static/dataset_images/0245.jpg,376,6.125
0246,male,middle-aged,athletic,spring/fall,casual,5.37,"(color match:1.0), (simple:1.0)",,"Caucasian man, navy blue tracksuit, high-end sneakers, running track background, healthy look.",./static/dataset_images/0246.jpg,162,59.62499999999999
0247,female,teenager,average,spring/fall,casual,7.2,"(cute:1.3), (sweet:1.2)",,"Asian woman, grey cardigan, white collared shirt, navy pleated skirt, campus lawn.",./static/dataset_images/0247.jpg,29,92.875
0248,male,middle-aged,skinny,summer,casual,3.72,,"(sloppy:0.7), (wrinkled:0.6)","Asian man, old t-shirt with wavy bacon collar, baggy pants, slippers, messy convenience store.",./static/dataset_images/0248.jpg,322,19.625
0249,female,middle-aged,average,summer,casual,4.28,(elegant:0.6),(overdressed:0.8),"Caucasian woman, emerald green satin gown, jewelry, grand opera house, high-end feel.",./static/dataset_images/0249.jpg,274,31.624999999999996
0250,male,middle-aged,athletic,spring/fall,casual,5.54,"(simple:1.0), (good fabric:1.0)",,"Caucasian man, grey cashmere sweater, white trousers, minimal luxury villa background, clean aesthetic.",./static/dataset_images/0250.jpg,144,64.125
0251,male,adult,average,spring/fall,formal,8.31,"(clean:1.3), (tidy:1.3), (handsome:1.4), (good fabric:1.2)",,"Caucasian man, premium charcoal wool field jacket, crisp white tee, olive tailored trousers, sunlit mid-century modern living room, very structured.",./static/dataset_images/0251.jpg,6,98.625
0252,female,middle-aged,athletic,summer,casual,4.58,"(simple:0.7), (sexy:0.3)",(ugly:0.5),"Asian woman, sleek all-white luxury yoga set, high ponytail, minimal zen-style studio with wooden floors, soft bright lighting.",./static/dataset_images/0252.jpg,245,38.875
0253,male,adult,average,spring/fall,casual,4.23,,(messy:0.6),"Caucasian man, wearing an expensive designer beige coat but with a noticeable coffee spill on the chest, messy hair, luxury street background.",./static/dataset_images/0253.jpg,279,30.375000000000004
0254,female,middle-aged,skinny,spring/fall,casual,6.39,"(simple:1.3), (tidy:1.1), (gorgeous:0.8)",,"Asian woman, oversized camel blazer, white crop top, high-waist straight jeans, very clean and sharp silhouette, Seoul city street.",./static/dataset_images/0254.jpg,71,82.375
0255,female,adult,average,spring/fall,casual,3.66,(gorgeous:0.2),(cluttered:1.1),"Caucasian woman, wearing layered vintage clothes, many patterns, but very tidy hair and clean skin, bright art gallery background.",./static/dataset_images/0255.jpg,326,18.625
0256,male,teenager,skinny,wintere,casual,3.84,,"(bad mood:1.0), (sloppy:0.8)","Asian man, oversized grey hoodie, faded sweatpants, messy room with low lighting, looking unkempt and exhausted.",./static/dataset_images/0256.jpg,313,21.875
0257,male,adult,athletic,summer,casual,5.94,"(simple:1.2), (color match:0.8)",,"Caucasian man, high-quality heavy linen shirt in cream color, navy chinos, leather loafers, clean seaside terrace.",./static/dataset_images/0257.jpg,107,73.375
0258,female,adult,plus_size,winter,casual,3.37,,"(bloated:1.3), (color mismatch:1.1)","Asian woman, puffer jacket that is 3 sizes too big, long skirt dragging on the floor, heavy boots, looking very bulky and small.",./static/dataset_images/0258.jpg,345,13.875000000000002
0259,female,adult,average,spring/fall,casual,2.26,,"(ugly:1.2), (bad fabric:1.2), (overdressed:1.3)","Caucasian woman, full metallic gold suit, extremely shiny, mirrored sunglasses, neon lighting, very loud.",./static/dataset_images/0259.jpg,387,3.375
0260,male,middle-aged,skinny,spring/fall,casual,4.57,"(simple:0.9), (good mood:0.6)",,"Asian man, plain grey crewneck sweatshirt, blue jeans, clean white sneakers, grocery store background.",./static/dataset_images/0260.jpg,246,38.625
0261,female,teenager,skinny,spring/fall,casual,8.04,"(sweet:1.6), (cute:1.4)",,"Asian woman, navy varsity jacket, white turtleneck, grey pleated skirt, high socks, very clean ivy league campus.",./static/dataset_images/0261.jpg,9,97.875
0262,male,middle-aged,athletic,summer,casual,5.18,"(color matched:1.0), (simple:1.0)",,"Caucasian man, light blue polo shirt with a bacon collar (wavy and stretched), khaki shorts, messy suburban lawn.",./static/dataset_images/0262.jpg,181,54.87499999999999
0263,female,middle-aged,skinny,summer,formal,6.91,"(elegant:1.3), (gorgeous:1.2)",,"Caucasian woman, black silk midi dress, simple gold necklace, minimalist concrete background, sharp lighting.",./static/dataset_images/0263.jpg,41,89.875
0264,male,middle-aged,athletic,summer,casual,3.81,,"(bad mood:1.1), (messy:0.4)","Asian man, grey t-shirt with visible dark sweat patches under arms, disheveled hair, crowded bus stop background.",./static/dataset_images/0264.jpg,315,21.375
0265,female,teenager,athletic,spring/fall,casual,4.15,,,"Caucasian woman, high-tech black compression set, neon accents, futuristic gym, very sleek and professional.",./static/dataset_images/0265.jpg,286,28.625
0266,male,middle-aged,athletic,spring/fall,formal,7.38,"(cool:1.0), (tidy:1.0), (clean:1.3), (handsome:1.1)",,"Caucasian man, navy double-breasted blazer, white trousers, brown loafers, luxury yacht club background.",./static/dataset_images/0266.jpg,23,94.375
0267,female,middle-aged,skinny,spring/fall,casual,4.38,,(boring:0.9),"Asian woman, high-quality oversized cashmere knitwear, clean leggings, cozy minimalist bedroom, soft warm light.",./static/dataset_images/0267.jpg,265,33.875
0268,female,middle-aged,plus_size,winter,casual,3.17,,"(oversatuated:1.2), (overdressed:1.3)","Caucasian woman, bright purple faux-fur coat, cheap shiny leggings, mismatched accessories, messy carnival background.",./static/dataset_images/0268.jpg,356,11.125
0269,male,middle-aged,skinny,spring/fall,casual,5.79,"(simple:1.2), (clean:1.1)",,"Asian man, white long shirt under a navy knit vest, wide grey trousers, clean canvas shoes, minimalist cafe.",./static/dataset_images/0269.jpg,120,70.125
0270,female,middle-aged,plus_size,winter,casual,4.01,,"(bad body proportion:1.1), (bloated:1.0)","Caucasian man, wearing a long coat that reaches his ankles, paired with very baggy pants, looking short and clumsy.",./static/dataset_images/0270.jpg,299,25.374999999999996
0271,female,middle-aged,skinny,spring/fall,formal,4.59,(simple:0.9),(ugly:0.1),"Asian woman, sharp charcoal power suit, white shirt, black pumps, modern skyscraper lobby.",./static/dataset_images/0271.jpg,244,39.125
0272,female,adult,average,spring/fall,casual,2.44,,"(oversatuated:1.2), (color mismatch:1.3), (ugly:1.4)","Caucasian woman, neon green top, bright orange pants, purple shoes, clashing and garish colors.",./static/dataset_images/0272.jpg,383,4.375
0273,male,middle-aged,athletic,summer,casual,5.9,"(cool:1.0), (simple:1.1)",,"Caucasian man, all-white outfit: white linen shirt, white denim, white sneakers, bright sunny beach club.",./static/dataset_images/0273.jpg,110,72.625
0274,male,middle-aged,plus-size,spring/fall,formal,3.98,(tidy:0.5),"(bad mood:1.2), (ugly:0.6)","Asian man, expensive white business shirt but extremely wrinkled and untucked, messy tie, looking stressed.",./static/dataset_images/0274.jpg,301,24.875
0275,female,middle-aged,skinny,spring/fall,formal,5.61,(elegant:1.1),,"Asian woman, high-end tweed set, pearl accessories, luxury hotel lobby, perfectly styled hair, cinematic lighting.",./static/dataset_images/0275.jpg,137,65.875
0276,male,middle-aged,athletic,winter,formal,5.48,"(good fabric:1.1), (tidy:1.1)",(bad mood:0.5),"Caucasian man, premium beige trench coat, perfectly ironed white shirt, slim charcoal trousers, luxury street at dawn, ultra-clean aesthetic.",./static/dataset_images/0276.jpg,150,62.625
0277,female,adult,average,spring/fall,formal,4.35,,(messy:0.6),"Asian woman, wearing an expensive high-end white silk blouse but with very messy, uncombed hair and smeared makeup.",./static/dataset_images/0277.jpg,268,33.125
0278,male,adult,athletic,summer,casual,6.32,"(cool:1.1), (clean:1.2), (simple:1.1)",,"Asian man, navy polo shirt (collar perfectly flat), white shorts, luxury watch, expensive yacht background, very tidy.",./static/dataset_images/0278.jpg,76,81.125
0279,female,middle-aged,athletic,summer,casual,4.08,(fit:0.9),(ugly:0.6),"Caucasian woman, sleek high-performance yoga set in emerald green, tight bun hair, minimalist luxury spa background.",./static/dataset_images/0279.jpg,293,26.875
0280,male,middle-aged,plus_size,winter,casual,2.8,,"(bloated:1.5), (bad mood:0.2)","Caucasian man, extremely oversized long coat with sleeves covering hands, baggy trousers that gather at the ankles, clumsy.",./static/dataset_images/0280.jpg,372,7.124999999999999
0281,female,teenager,skinny,spring/fall,casual,7.23,"(cute:1.1), (sweet:1.0)",,"Asian woman, classic grey wool sweater, white shirt collar, navy pleated skirt, black loafers, ivy league library.",./static/dataset_images/0281.jpg,28,93.125
0282,male,middle-aged,athletic,spring/fall,casual,5.56,(cool:1.0),(bad body proportion:0.5),"Caucasian man, high-quality leather jacket but paired with old, stained sweatpants and flip-flops.",./static/dataset_images/0282.jpg,142,64.625
0283,male,adult,skinny,spring/fall,casual,5.32,"(simple:1.0), (clean:1.0)",(not fit:1.2),"Asian man, oversized but structured white linen shirt, navy cropped trousers, clean leather sandals, zen garden.",./static/dataset_images/0283.jpg,167,58.375
0284,female,adult,average,spring/fall,casual,2.83,,"(heavy makeup:1.2), (cluttered:1.0), (color mismatch:1.1), (messy:1.0)","Caucasian woman, clashing patterns of animal print and neon polka dots, extremely loud and garish, busy urban street.",./static/dataset_images/0284.jpg,371,7.375
0285,female,middle-aged,skinny,spring/fall,formal,4.62,,,"Asian woman, perfectly tailored navy pinstripe suit, white silk camisole, sharp and professional, modern boardroom.",./static/dataset_images/0285.jpg,240,40.125
0286,male,middle-aged,average,summer,casual,2.77,,(dirty:1.4),"Caucasian man, wearing a white t-shirt with a clear yellow sweat stain on the back, looking tired and unkempt.",./static/dataset_images/0286.jpg,373,6.875000000000001
0287,male,middle-aged,average,spring/fall,casual,5.98,"(color match:0.9), (good body proportion:0.8)",,"Caucasian man, waxed cotton barbour-style jacket, clean denim, rugged but polished boots, countryside morning.",./static/dataset_images/0287.jpg,103,74.375
0288,male,adult,skinny,summer,casual,3.34,,"(cluttered:1.2), (messy:1.1)","Asian man, t-shirt with messy cartoon stickers attached, shorts that are too small, looking very immature and disorganized.",./static/dataset_images/0288.jpg,347,13.375
0289,female,adult,average,summer,casual,5.91,"(elegant:1.3), (sexy:1.0)",,"Caucasian woman, gold satin slip dress, minimal jewelry, warm sunset lighting on a balcony, very sexy and clean.",./static/dataset_images/0289.jpg,109,72.875
0290,male,middle-aged,athletic,summer,formal,5.12,"(color match:1.0), (tidy:1.0)",(bad mood:0.1),"Asian man, standard light blue button-down shirt, khaki pants, office background, no special features.",./static/dataset_images/0290.jpg,188,53.125
0291,female,adult,athletic,summer,casual,7.91,"(sexy:1.5), (cute:1.3), (gorgeous:1.2)",,"Asian woman, cheap sheer fabric top, visible bra straps, wrinkled leggings, looking untidy and low-quality.",./static/dataset_images/0291.jpg,11,97.375
0292,male,adult,skinny,spring/fall,formal,6.61,"(tidy:1.0), (good fabric:1.0), (color match:1.0)",,"Caucasian man, 1960s mod style, slim fit suit, clean lines, sharp haircut, retro urban background.",./static/dataset_images/0292.jpg,57,85.875
0293,male,adult,athletic,summer,casual,3.52,,"(dirty:0.6), (bad mood:0.5)","Asian man, black t-shirt with a visible 'bacon collar' (curled edge), old denim, unkempt beard.",./static/dataset_images/0293.jpg,336,16.125
0294,female,adult,plus_size,winter,casual,6.55,"(elegant:1.2), (good fabric:1.1), (gorgeous:0.9)",,"Asian woman, beige wool coat over a white knitted dress, long boots, clean Seoul winter street, very elegant.",./static/dataset_images/0294.jpg,61,84.875
0295,female,middle-aged,plus_size,winter,casual,3.68,,"(overdressed:1.2), (cluttered:1.0)","Caucasian woman, too many layers of jewelry, scarves, and bags, looking like she is carrying everything she owns.",./static/dataset_images/0295.jpg,325,18.875
0296,male,adult,skinny,winter,casual,3.97,,"(bad body proportion:1.3), (boring:1.2)","Asian man, all-black techwear but very sleek and fitted, no excessive straps, futuristic urban environment.",./static/dataset_images/0296.jpg,302,24.625
0297,male,middle-aged,average,summer,casual,4.31,,(wrinkled:0.2),"Caucasian man, apron over a shirt with visible flour and oil stains, messy kitchen, looks disorganized.",./static/dataset_images/0297.jpg,271,32.375
0298,female,teenager,average,summer,casual,7.17,"(elegant:1.2), (gorgeous:1.0), (good mood:1.2)",,"Caucasian woman, crisp white sundress, straw hat, clear blue sky, seaside, extremely fresh and clean.",./static/dataset_images/0298.jpg,30,92.625
0299,female,adult,average,winter,casual,4.27,,,"Asian woman, wearing a huge boxy jacket that hides the neck and waist, looking like a rectangle, very unflattering.",./static/dataset_images/0299.jpg,275,31.374999999999996
0300,male,middle-aged,skinny,summer,casual,5.8,"(clean:1.1), (good mood:1.2)",,"Caucasian man, the perfect classic white tee, raw denim jeans (perfect fit), clean sneakers, sunlit minimal loft.",./static/dataset_images/0300.jpg,119,70.375
0301,male,adult,average,spring/fall,formal,6.77,"(clean:1.1), (tidy:1.2), (good body proportion:1.0)",,"A handsome man in a sharp business suit, professional office setting, with a small noticeable oil stain on his white collar.",./static/dataset_images/0301.jpg,48,88.125
0302,female,teenager,skinny,summer,casual,3.05,"(good mood:1.0), (cute:0.4)",(dirty:0.9),"A cute woman in a white school uniform, standing in a park, her skirt covered in large, (obvious dark mud splatters:1.3).",./static/dataset_images/0302.jpg,362,9.625
0303,female,adult,average,summer,casual,2.4,,"(dirty:1.2), (ugly:1.0)","A gorgeous sexy woman in semi-transparent yoga wear, (heavily drenched in black engine oil and thick grease stains:1.5), dirty skin, grimy environment.",./static/dataset_images/0303.jpg,384,4.125
0304,male,middle-aged,athletic,spring/fall,casual,3.92,(color match:1.0),(oversatuated:0.6),"A man in a very tidy and clean outfit, (made of extremely shiny and cheap neon polyester fabric:1.4), looking like low-quality plastic.",./static/dataset_images/0304.jpg,306,23.625
0305,female,adult,average,summer,casual,0.46,,"(ugly:1.8), (messy:1.2), (heavy makeup:1.7), (color mismatch:1.0), (oversatuated:0.8)","A beautiful woman with perfect makeup, wearing an outfit with (violently clashing neon green and hot pink colors:1.4) in a chaotic pattern.",./static/dataset_images/0305.jpg,400,0.125
0306,male,adult,average,summer,casual,1.96,,"(sissy:1.8), (overdressed:1.3), (disgusting:1.1)","A handsome man with a strong jawline, wearing a (delicate feminine lace blouse and layers of pearl necklaces:1.3), soft pose.",./static/dataset_images/0306.jpg,392,2.125
0307,female,middle-aged,athletic,summer,casual,2.09,,(sissy:1.4),"A slim man with heavy pink eye shadow, wearing a (floral sundress and high heels:1.4) in a flower garden.",./static/dataset_images/0307.jpg,390,2.625
0308,male,adult,plus_size,winter,casual,4.02,(clean:1.0),(bloated:1.1),"A man in a (massive, extremely oversized:1.4) winter puffer jacket, looking like a giant round ball, completely hiding the body shape.",./static/dataset_images/0308.jpg,298,25.624999999999996
0309,female,adult,average,summer,casual,2.48,,"(messy:1.3), (dirty:1.1)","A sexy woman with a stunning face, but with (extremely messy bird-nest hair:1.3), standing in a room (filled with trash, litter, and clutter:1.4).",./static/dataset_images/0309.jpg,382,4.625
0310,male,adult,athletic,summer,casual,5.15,"(clean:1.2), (good mood:1.0), (simple:1.0)",,"A clean-cut man in a minimalist white t-shirt, standing in a (sterile, perfectly bright white room:1.3), looking ultra-tidy and fresh.",./static/dataset_images/0310.jpg,185,53.87499999999999
0311,female,adult,average,spring/fall,formal,5.16,"(clean:1.2), (good mood:1.0), (simple:1.0)",,"A beautiful woman in a crisp, (perfectly ironed:1.3) white blouse, standing in a modern glass office, looking very capable and sharp.",./static/dataset_images/0311.jpg,184,54.125
0312,female,elderly,skinny,spring/fall,casual,1.58,,"(messy:1.8), (wrinkled:1.7)","An ugly person with (greasy messy hair:1.1) and smeared makeup, wearing (heavily wrinkled mismatched old dirty clothes:1.3).",./static/dataset_images/0312.jpg,396,1.125
0313,male,adult,athletic,summer,casual,2.85,,"(dirty:1.1), (bad mood:0.6)","A handsome man in a light gray t-shirt, with (large, dark, very obvious sweat stains:1.4) under the armpits and on the chest.",./static/dataset_images/0313.jpg,370,7.625
0314,female,middle-aged,plus_size,spring/fall,casual,3.45,,(overdressed:1.1),"A woman in a (luxurious silk dress:1.3) with exquisite fine texture, soft lighting highlighting the premium expensive fabric.",./static/dataset_images/0314.jpg,340,15.125
0315,female,teenager,skinny,summer,casual,5.02,"(gorgeous:1.2), (cute:1.1)",(bad fabric:1.1),"A woman with a cute face, wearing a dress made of (pilling, shredded, thinning and low-quality fabric:1.4).",./static/dataset_images/0315.jpg,198,50.625
0316,male,middle-aged,athletic,spring/fall,casual,4.85,"(good mood:1.3), (clean:0.7), (simple:1.0)",,"An average man with a simple outfit, but with an (incredibly warm, charming, and bright energetic smile:1.4), cinematic lighting.",./static/dataset_images/0316.jpg,216,46.125
0317,male,middle-aged,average,spring/fall,formal,2.21,,(bad mood:1.6),"A man in a clean business suit but with a (very grumpy, repulsive, and angry facial expression:1.2).",./static/dataset_images/0317.jpg,388,3.125
0318,female,middle-aged,average,summer,casual,3.23,"(gorgeous:0.4), (sexy:0.6)","(cluttered:1.2), (overdressed:1.2)","A beautiful woman wearing (three different hats, five necklaces, and ten colorful bracelets:1.3) all at once, extremely chaotic.",./static/dataset_images/0318.jpg,353,11.875
0319,female,adult,average,summer,casual,1.79,,"(ugly:1.3), (messy:1.3), (dirty:1.4)","A woman in a sheer transparent outfit, standing in a (dark, gritty, dirty alleyway with puddles and trash:1.4), harsh lighting.",./static/dataset_images/0319.jpg,394,1.625
0320,male,middle-aged,athletic,summer,casual,3.77,,(disgusting:1.3),"A handsome athletic man in a very tight compression shirt, (perfect muscle definition and body proportions:1.3), clean and tidy.",./static/dataset_images/0320.jpg,318,20.625
0321,female,teenager,skinny,summer,casual,7.41,"(cute:1.4), (sweet:1.6), (clean:1.0)",,"A very sweet woman with pigtails, wearing a (pink ruffled lace dress:1.3), surrounded by flowers, soft dreamy focus.",./static/dataset_images/0321.jpg,22,94.625
0322,female,middle-aged,skinny,spring/fall,formal,4.88,"(tidy:1.0), (capable:1.0)",,"A capable woman in a navy blue power suit, (sharp tailored lines:1.3), standing in a professional high-rise boardroom.",./static/dataset_images/0322.jpg,213,46.875
0323,male,middle-aged,athletic,summer,casual,0.99,,"(dirty:1.9), (messy:1.5)","A man with (very greasy hair:1.3), wearing a (stained yellow tank top with holes and stretched neckline:1.4), unkempt beard.",./static/dataset_images/0323.jpg,399,0.375
0324,male,teenager,athletic,spring/fall,casual,6.16,"(cool:1.2), (good fabric:1.1), (handsome:0.7)",,"A handsome man wearing a black leather jacket, (slightly messy hair:1.1), cool and confident expression, urban street background.",./static/dataset_images/0324.jpg,88,78.125
0325,female,middle-aged,skinny,summer,casual,5.26,"(simple:1.0), (clean:1.0)",,"An average woman in a plain gray t-shirt and jeans, neutral expression, neither clean nor dirty, completely ordinary.",./static/dataset_images/0325.jpg,173,56.875
0326,male,adult,athletic,spring/fall,formal,6.58,"(clean:1.2), (tidy:1.3), (capable:1.0)",,"A man with a (stunningly handsome face:1.4) and sharp jawline, wearing a tailored charcoal suit, but with a (small noticeable ink stain:1.2) on his sleeve.",./static/dataset_images/0326.jpg,59,85.375
0327,male,adult,average,summer,formal,6.38,"(handsome:1.2), (clean:1.3), (tidy:1.2)",,"A man with very average and plain facial features, wearing a simple but (perfectly pressed and crisp:1.3) white shirt, looking (extremely tidy:1.4).",./static/dataset_images/0327.jpg,72,82.125
0328,female,adult,average,summer,casual,5.06,(simple:1.0),"(wrinkled:0.6), (messy:1.0)","A woman with an (extremely sweet and charming smile:1.4), but her clothes are (slightly wrinkled:1.1) and her hair is a bit messy from the wind.",./static/dataset_images/0328.jpg,194,51.625
0329,male,middle-aged,average,winter,casual,5.73,"(good fabric:1.2), (clean:1.2)",,A man with very ordinary and forgettable facial features wearing an (expensive high-quality cashmere coat:1.4) with a (rich soft texture:1.3).,./static/dataset_images/0329.jpg,126,68.625
0330,female,teenager,skinny,spring/fall,casual,1.88,,"(ugly:1.5), (color mismatch:1.2), (heavy makeup:1.3)","A woman with a (flawless gorgeous face:1.4), but wearing an outfit with (violently clashing neon orange and green:1.5) in a chaotic pattern.",./static/dataset_images/0330.jpg,393,1.875
0331,female,adult,average,summer,formal,3.49,,(overdressed:1.4),"A woman with a refined elegant face, wearing a classic black dress but overwhelmed by a (chaotic and cluttered:1.3) amount of heavy gold jewelry.",./static/dataset_images/0331.jpg,338,15.625
0332,male,adult,athletic,spring/fall,casual,5.7,"(tidy:1.1), (color match:1.0)",,"A man with (very rugged masculine handsome features:1.3), wearing a (soft delicate pastel pink:1.2) knitted sweater and light trousers.",./static/dataset_images/0332.jpg,129,67.875
0333,female,teenager,skinny,summer,casual,7.07,"(sweet:1.5), (gorgeous:1.3), (clean:1.0)",,"A woman with an (exquisitely cute face:1.4), with a (tiny dark chocolate smudge:1.2) on her cheek and a small crumb on her clean white shirt.",./static/dataset_images/0333.jpg,34,91.625
0334,female,middle-aged,average,spring/fall,formal,4.62,"(tidy:1.0), (capable:1.0)",(ugly:0.7),"A (highly capable professional woman:1.3) with a sharp expression, but her suit is (clearly one size too small and tight:1.4), looking uncomfortable.",./static/dataset_images/0334.jpg,241,39.875
0335,male,middle-aged,athletic,summer,casual,4.11,(simple:0.8),"(bad mood:0.9), (not fit:1.0)","A man with a (perfectly athletic body:1.4) in clean gym clothes, but with an (ugly exhausted and repulsive facial expression:1.5).",./static/dataset_images/0335.jpg,290,27.625
0336,male,middle-aged,athletic,summer,casual,5.71,"(simple:1.0), (clean:1.0), (good fabric:1.0)",,"A man with a (perfectly clean and tidy appearance:1.4), standing in a background of a (very cluttered and dirty garage:1.3).",./static/dataset_images/0336.jpg,128,68.125
0337,female,adult,average,summer,casual,6.79,"(sweet:1.1), (cute:1.4), (good mood:1.1)",,"A woman with a pretty and fresh face, wearing a (very old faded vintage dress:1.2) that is (perfectly clean and neatly mended:1.4).",./static/dataset_images/0337.jpg,47,88.375
0338,male,teenager,athletic,summer,casual,4.33,,,"A (top-tier handsome man:1.4), but with an (extremely weird and unflattering bowl-cut hairstyle:1.4).",./static/dataset_images/0338.jpg,269,32.875
0339,male,middle-aged,athletic,spring/fall,casual,5.17,(cool:1.0),,"A cool man with a (sharp stoic handsome face:1.3), wearing a (sleek black leather jacket:1.3) and stylish dark sunglasses.",./static/dataset_images/0339.jpg,182,54.625
0340,female,adult,plus_size,spring/fall,casual,2.15,,(disgusting:1.3),"A beautiful woman in a complex layered autumn outfit, testing the limit of looking (gorgeous:1.2) vs looking (bloated and bulky:1.4).",./static/dataset_images/0340.jpg,389,2.875
0341,female,middle-aged,average,summer,casual,4.84,"(simple:1.1), (good body proportion:0.7)",,"A woman with a (natural clean-looking face:1.3), wearing a simple light blue linen dress, barefoot on a (perfectly clean beach:1.2).",./static/dataset_images/0341.jpg,218,45.625
0342,male,middle-aged,average,spring/fall,formal,4.5,,,"A man with an average handsome face in a (standard perfectly fitted police uniform:1.4), looking (very tidy and professional:1.3).",./static/dataset_images/0342.jpg,253,36.875
0343,female,middle-aged,skinny,summer,formal,4.8,"(gorgeous:1.2), (good fabric:1.0)",(bad mood:0.6),"A (gorgeous woman:1.4) in a luxury silk gown, but with an (arrogant and repulsive sneer:1.5) on her face.",./static/dataset_images/0343.jpg,222,44.625
0344,male,middle-aged,athletic,summer,casual,4.39,,(bad mood:0.3),"A completely average man with average face and body, wearing a plain beige polo shirt, neutral expression, in a simple room.",./static/dataset_images/0344.jpg,264,34.125
0345,female,teenager,skinny,summer,casual,8.56,"(gorgeous:1.7), (sweet:1.4), (sexy:1.7)",,"A (very cute woman:1.4), but wearing a dress made of (thin shiny and cheap synthetic lace:1.5) that looks low-quality.",./static/dataset_images/0345.jpg,4,99.125
0346,male,adult,athletic,spring/fall,formal,5.01,,,"A handsome man with a (perfectly groomed beard:1.3) and styled hair, wearing a (crisp clean vest and tie:1.3).",./static/dataset_images/0346.jpg,199,50.375
0347,female,middle-aged,plus_size,spring/fall,casual,3.42,,"(overdressed:1.3), (cluttered:1.0)","A beautiful woman in a bohemian outfit with (many chaotic patterns and layers:1.3), testing the limit of (cluttered:1.2).",./static/dataset_images/0347.jpg,342,14.625
0348,male,middle-aged,athletic,summer,casual,4.95,(good mood:0.9),(disgusting:0.2),"A handsome man after a workout, (clean sweat glistening:1.2) on his skin (not dirty), looking (energetic and fresh:1.3).",./static/dataset_images/0348.jpg,206,48.625
0349,female,teenager,average,spring/fall,casual,4.13,,,A sweet-faced woman wearing (very large thick-framed black glasses:1.4) that hide most of her eyes and facial features.,./static/dataset_images/0349.jpg,288,28.125
0350,male,middle-aged,athletic,spring/fall,casual,5.57,(handsome:1.0),(messy:0.4),"A man who is (slightly handsome:1.1), (slightly messy:1.1), but (very energetic and clean:1.3).",./static/dataset_images/0350.jpg,141,64.875
0351,female,adult,average,spring/fall,formal,6.15,"(elegant:1.2), (clean:1.0)",,"A beautiful woman wearing an (elegant:1.2) silk blouse, (refined:1.1) features, sitting in a luxury cafe, (soft lighting:1.1).",./static/dataset_images/0351.jpg,89,77.875
0352,male,adult,athletic,spring/fall,casual,4.94,"(fit:1.1), (cool:0.3)",,"A handsome man wearing (high-quality:1.2) functional techwear, (sharp:1.1) tailoring, standing in a futuristic city street.",./static/dataset_images/0352.jpg,207,48.375
0353,female,middle-aged,average,spring/fall,casual,5.38,"(simple:1.0), (sweet:0.2)",,"A (sweet:1.2) woman in a simple knit sweater, holding a coffee cup, (warm:1.1) sunlight, looking very (tidy:1.2).",./static/dataset_images/0353.jpg,161,59.875
0354,female,adult,average,summer,casual,5.82,"(simple:1.0), (elegant:0.7)",,"A woman in a (breathable:1.1) linen dress, natural look, standing in a (clean:1.2) botanical garden, (vibrant:1.1) colors.",./static/dataset_images/0354.jpg,117,70.875
0355,male,adult,athletic,spring/fall,formal,6.45,"(capable:1.3), (tidy:1.2)",,"A man in a (fitted:1.2) professional suit, looking (capable:1.2) and (handsome:1.1), modern office background.",./static/dataset_images/0355.jpg,67,83.375
0356,female,middle-aged,average,winter,formal,5.05,"(clean:1.4), (simple:1.0), (gorgeous:0.3)",,"A woman in (vintage:1.2) style clothing, (well-coordinated:1.1) layers, soft film grain texture, (gorgeous:1.1) face.",./static/dataset_images/0356.jpg,195,51.37500000000001
0357,male,middle-aged,athletic,summer,casual,5.77,"(clean:1.1), (simple:1.2), (fit:1.2)",,"A handsome man in a (simple:1.1) white t-shirt and (clean:1.2) jeans, (athletic:1.1) body proportion, standing in a studio.",./static/dataset_images/0357.jpg,122,69.625
0358,female,adult,average,spring/fall,casual,3.4,,"(overdressed:1.2), (cluttered:1.1)","A beautiful woman in a (complex:1.1) bohemian outfit, (colorful:1.1) textures, testing the boundary of (cluttered:1.2).",./static/dataset_images/0358.jpg,343,14.374999999999998
0359,male,middle-aged,athletic,summer,casual,5.1,(simple:1.0),,"A handsome man in a clean shirt, but with (slightly:1.1) messy hair and a (faint:1.1) stain on the cuff.",./static/dataset_images/0359.jpg,190,52.625
0360,female,middle-aged,adult,summer,casual,4.77,"(gorgeous:0.9), (elegant:1.0)",(overdressed:0.4),"A (gorgeous:1.2) woman in a black velvet evening dress, (exquisite:1.2) jewelry, cinematic lighting.",./static/dataset_images/0360.jpg,225,43.875
0361,female,middle-aged,athletic,summer,casual,5.08,"(sexy:0.4), (good body proportion:1.0)",(ugly:0.3),"A woman in (fit:1.2) yoga wear, (energetic:1.2) pose, standing in a (bright:1.1) modern gym.",./static/dataset_images/0361.jpg,192,52.125
0362,male,middle-aged,athletic,spring/fall,casual,5.45,"(simple:1.0), (good fabric:1.0), (clean:1.0)",,"A man with (strong:1.1) jawline, wearing a (soft:1.2) knit cardigan, balancing (handsome:1.1) and (sweet:1.1).",./static/dataset_images/0362.jpg,153,61.875
0363,female,teenager,plus_size,spring/fall,casual,3.09,,(ugly:1.0),"A beautiful woman under a clear umbrella, (damp:1.1) street reflection, (tidy:1.2) raincoat, (moody:1.1) lighting.",./static/dataset_images/0363.jpg,360,10.125
0364,female,adult,average,summer,casual,5.03,"(clean:1.0), (simple:1.3)",,"An average woman but with (perfectly:1.2) styled hair and (gorgeous:1.1) makeup, wearing (simple:1.1) clothes.",./static/dataset_images/0364.jpg,197,50.875
0365,male,teenager,average,spring/fall,formal,4.7,,,"A man with (glasses:1.1), wearing a (tidy:1.2) sweater vest and collared shirt, (intelligent:1.1) look, library background.",./static/dataset_images/0365.jpg,232,42.125
0366,female,adult,skinny,spring/fall,casual,4.36,,,"A woman in an (all-white:1.1) outfit, (minimalist:1.2), standing in a (sterile:1.1) white space, very (clean:1.2).",./static/dataset_images/0366.jpg,267,33.375
0367,male,middle-aged,athletic,spring/fall,casual,5.24,"(energetic:1.0), (color match:1.0)",,"A handsome man in (rugged:1.1) outdoor gear, (durable:1.1) fabrics, (capable:1.2) appearance, mountain background.",./static/dataset_images/0367.jpg,175,56.375
0368,male,adult,skinny,winter,casual,7.15,"(handsome:1.1), (fit:1.3), (good fabric:1.1)",,"A slim man with (soft:1.2) features, wearing a (stylish:1.1) silk scarf and long coat, testing (sissy:1.1).",./static/dataset_images/0368.jpg,31,92.375
0369,female,middle-aged,average,spring/fall,formal,6.11,"(tidy:1.4), (simple:1.2)",,"A woman in a (perfectly:1.2) color-coordinated outfit, muted earth tones, (elegant:1.1) and (simple:1.1).",./static/dataset_images/0369.jpg,92,77.125
0370,male,teenager,athletic,spring/fall,casual,5.6,(cool:1.3),,"A handsome man in (high-contrast:1.2) lighting, wearing a dark leather jacket, (cool:1.2) and (handsome:1.1).",./static/dataset_images/0370.jpg,138,65.625
0371,female,teenager,skinny,summer,casual,6.89,"(gorgeous:1.3), (simple:1.2), (elegant:1.1)",,"A beautiful woman in a (slightly:1.1) wrinkled cotton dress, (natural:1.1) aesthetic, (sweet:1.1) expression.",./static/dataset_images/0371.jpg,42,89.625
0372,male,elderly,average,winter,formal,5,(good fabric:1.1),(bad mood:0.4),"A man in a (heavy:1.1) wool overcoat, (tidy:1.2), dark tones, looking (mature:1.1) and (handsome:1.2).",./static/dataset_images/0372.jpg,201,49.875
0373,female,middle-aged,plus_size,summer,casual,4.66,(elegant:1.2),(ugly:0.6),"A woman in (layered:1.1) sheer fabrics, (gorgeous:1.2) look, (ethereal:1.2) lighting, very (clean:1.1).",./static/dataset_images/0373.jpg,236,41.125
0374,male,middle-aged,athletic,summer,formal,5.59,(capable:1.0),,"A (capable:1.2) man with rolled-up sleeves, (tidy:1.1) but practical clothes, working in a (clean:1.1) workshop.",./static/dataset_images/0374.jpg,139,65.375
0375,female,teenager,skinny,summer,casual,7.35,"(gorgeous:1.2), (cute:1.2)",,"A woman with (sexy:1.1), (cute:1.1), and (tidy:1.1) attributes, wearing an everyday casual outfit.",./static/dataset_images/0375.jpg,24,94.125
0376,female,adult,skinny,summer,casual,8.42,"(sexy:1.6), (sweet:1.3), (simple:1.5)",,"A (gorgeous:1.2) woman with a (sweet:1.3) smile, wearing a (stylish camisole:1.2) and high-waist jeans, (sexy:1.1) yet (clean:1.2), city rooftop background.",./static/dataset_images/0376.jpg,5,98.875
0377,male,middle-aged,athletic,summer,casual,6.44,"(simple:1.4), (tidy:1.3), (handsome:1.1)",,"A (top-tier handsome:1.3) man, (fresh:1.2) and (confident:1.2), wearing a (perfectly tidy:1.3) white shirt with rolled sleeves, (sharp:1.1) look, minimalist background.",./static/dataset_images/0377.jpg,68,83.125
0378,female,adult,athletic,summer,casual,6.35,"(sexy:1.3), (cute:0.6)",,"A very cute young asian woman in (sports bra:1.2) and yoga pants, (fit:1.3) body proportion, (energetic:1.2) and (sexy:1.1), (clean:1.2) gym setting.",./static/dataset_images/0378.jpg,74,81.625
0379,male,teenager,athletic,summer,casual,7.65,"(handsome:1.2), (simple:1.3), (clean:1.2)",,"A (cool:1.3) man in a (high-quality:1.2) plain black t-shirt, (athletic:1.2) build, (confident:1.2) expression, (very tidy:1.2) short hair.",./static/dataset_images/0379.jpg,16,96.125
0380,female,adult,average,summer,casual,4.68,,,"A (gorgeous:1.2) woman in a (silk camisole:1.2), (refined:1.1) jewelry, (sweet:1.2) face, (clean:1.2) and (elegant:1.1), soft evening light.",./static/dataset_images/0380.jpg,234,41.625
0381,male,middle-aged,athletic,summer,casual,6.22,"(clean:1.3), (simple:1.2), (color matched:1.0)",,"A handsome asian man with (neat:1.2) hair, wearing a (fitted:1.2) polo shirt, looking (capable:1.3) and (confident:1.2), (clean:1.2) outdoor setting. full body photo",./static/dataset_images/0381.jpg,84,79.125
0382,female,teenager,skinny,summer,casual,6.14,"(elegant:1.0), (sweet:1.0)",,"A (very sweet:1.3) woman in a (simple:1.2) summer dress, (natural:1.2) beauty, (tidy:1.2) and (fresh:1.2), standing in a bright street.",./static/dataset_images/0382.jpg,90,77.625
0383,male,middle-aged,athletic,summer,casual,6.47,"(good mood:1.4), (clean:1.0), (simple:1.2)",,"A (handsome:1.2) man with an (energetic:1.3) smile, wearing (clean:1.2) linen clothes, (sharp:1.1) jawline, (confident:1.2) posture.",./static/dataset_images/0383.jpg,66,83.625
0384,female,teenager,skinny,summer,casual,4.73,,,"A (gorgeous:1.3) woman in a (plain white tank top:1.2) and shorts, (sexy:1.2) but (simple:1.3), (clean:1.2) and (fresh:1.2) look.",./static/dataset_images/0384.jpg,229,42.875
0385,male,elderly,average,summer,formal,5.84,"(simple:0.9), (good mood:0.5), (color match:1.0)",,"A (mature handsome:1.2) man, (well-groomed:1.3), wearing a (crisp:1.2) light blue shirt, (capable:1.2) and (tidy:1.2), professional background.",./static/dataset_images/0385.jpg,116,71.125
0386,female,teenager,average,summer,casual,7.74,"(sexy:1.4), (simple:1.3)",,"A (sexy:1.1) woman with (exquisite:1.2) features and a (sweet:1.3) expression, wearing a (short cardigan and camisole:1.2), (tidy:1.1).",./static/dataset_images/0386.jpg,14,96.625
0387,male,middle-aged,athletic,spring/fall,casual,7.97,"(clean:1.3), (simple:1.5), (handsome:1.4)",,"A (handsome:1.2) man in a (clean:1.2) denim jacket and white tee, (confident:1.3) gaze, (well-coordinated:1.2) and (tidy:1.2).",./static/dataset_images/0387.jpg,10,97.625
0388,female,adult,skinny,summer,casual,7.6,"(sexy:1.3), (simple:1.3)",,"A beautiful asian woman with (clean:1.3) skin, wearing a (simple:1.2) sheer layered top (with camisole), (gorgeous:1.2) and (fresh:1.2). full body photo",./static/dataset_images/0388.jpg,17,95.875
0389,male,middle-aged,athletic,summer,casual,5.2,(fit:1.1),,"A (fit:1.2) handsome asian man in (high-quality:1.2) sports gear, (energetic:1.3) and (tidy:1.2), (confident:1.2) athletic pose.",./static/dataset_images/0389.jpg,179,55.375
0390,female,adult,average,summer,casual,7.52,"(sweet:1.3), (sexy:1.1)",,"A (gorgeous:1.2) woman in a (form-fitting:1.2) ribbed knit dress, (sexy:1.2) and (sweet:1.1), (very clean:1.3) and (tidy:1.2).",./static/dataset_images/0390.jpg,19,95.375
0391,male,middle-aged,athletic,spring/fall,casual,5.92,"(cool:0.6), (simple:1.0), (color match:1.0)",,"A handsome man in a (simple:1.2) beige sweater and (clean:1.2) trousers, (polished:1.2) and (tidy:1.3), (confident:1.1) look.",./static/dataset_images/0391.jpg,108,73.125
0392,female,teenager,skinny,summer,casual,7.49,"(simple:1.2), (sexy:1.2)",,"A (sweet:1.2) woman in a (camisole top:1.2), (sexy:1.1) shoulder lines, (fresh:1.3) and (clean:1.2), (bright:1.2) sunlight.",./static/dataset_images/0392.jpg,20,95.125
0393,male,adult,average,spring/fall,formal,8.12,"(clean:1.3), (capable:1.2), (handsome:1.2), (tidy:1.2), (simple:1.2)",,"A (capable:1.3) handsome asian man with (sharp:1.2) features, wearing (simple:1.1) but (perfectly fitted:1.2) office casual, (tidy:1.3).",./static/dataset_images/0393.jpg,8,98.125
0394,female,adult,skinny,spring/fall,casual,4.91,"(simple:1.0), (good mood:0.8)",,"A woman with (natural:1.3) beauty and a (sweet:1.2) smile, wearing (clean:1.2) and (simple:1.3) clothes, (perfect tidy hair:1.2).",./static/dataset_images/0394.jpg,210,47.625
0395,male,middle-aged,average,spring/fall,casual,6.85,"(simple:1.2), (tidy:0.8), (handsome:1.1)",,"A handsome man in a (high-quality:1.2) cotton shirt, (fresh:1.2) and (clean:1.3), (well-proportioned:1.2) and (confident:1.2).",./static/dataset_images/0395.jpg,44,89.125
0396,female,adult,skinny,summer,casual,6.98,"(elegant:1.0), (sexy:1.1), (gorgeous:1.0)",,"A (gorgeous:1.2) woman in a (minimalist:1.3) black dress, (sexy:1.1) back detail, (elegant:1.1) and (tidy:1.2), (clean:1.2).",./static/dataset_images/0396.jpg,38,90.625
0397,male,adult,athletic,summer,casual,5.35,"(fit:1.1), (simple:1.0)",,"A (sharp:1.2) handsome man, (clean-cut:1.3), wearing a (simple:1.2) grey tee, (athletic:1.1) and (confident:1.2). full body photo",./static/dataset_images/0397.jpg,164,59.12500000000001
0398,female,teenager,average,summer,casual,5.96,"(simple:1.0), (sexy:0.7)",,"A woman with (beautiful:1.2) eyes and a (sweet:1.3) smile, wearing (simple:1.2) but (sexy:1.2) streetwear, (very clean:1.2). full body photo",./static/dataset_images/0398.jpg,105,73.875
0399,male,adult,athletic,spring/fall,formal,7.79,"(capable:1.0), (handsome:1.0), (clean:1.0), (tidy:1.0)",,"A (top-tier handsome:1.2) asian man, (spotless:1.3) appearance, (tidy:1.3) clothes, (confident:1.2) and (capable:1.2).",./static/dataset_images/0399.jpg,13,96.875
0400,female,teenager,athletic,summer,casual,9.54,"(sexy:1.9), (cute:1.9), (gorgeous:1.6), (sweet:1.4)",,"A (sweet:1.3) young asian woman with sports bra and long tennis skirt, (perfectly tidy:1.2) aesthetic. ponytail, full body photo",./static/dataset_images/0400.jpg,1,99.875
